Product,Year-Month,Quantity_Sold_Laguna
KOPIKO COFFEE CANDY 24X175G,2022-01,1531
KOPIKO COFFEE CANDY 24X175G,2022-02,811
KOPIKO COFFEE CANDY 24X175G,2022-03,1235
KOPIKO COFFEE CANDY 24X175G,2022-04,1966
KOPIKO COFFEE CANDY 24X175G,2022-05,984
KOPIKO COFFEE CANDY 24X175G,2022-06,859
KOPIKO COFFEE CANDY 24X175G,2022-07,1713
KOPIKO COFFEE CANDY 24X175G,2022-08,807
KOPIKO COFFEE CANDY 24X175G,2022-09,983
KOPIKO COFFEE CANDY 24X175G,2022-10,670
KOPIKO COFFEE CANDY 24X175G,2022-11,1316
KOPIKO COFFEE CANDY 24X175G,2022-12,1164
KOPIKO COFFEE CANDY 24X175G,2023-01,1265
KOPIKO COFFEE CANDY 24X175G,2023-02,1367
KOPIKO COFFEE CANDY 24X175G,2023-03,1601
KOPIKO COFFEE CANDY 24X175G,2023-04,897
KOPIKO COFFEE CANDY 24X175G,2023-05,1181
KOPIKO COFFEE CANDY 24X175G,2023-06,1866
KOPIKO COFFEE CANDY 24X175G,2023-07,2153
KOPIKO COFFEE CANDY 24X175G,2023-08,877
KOPIKO COFFEE CANDY 24X175G,2023-09,1529
KOPIKO COFFEE CANDY 24X175G,2023-10,1731
KOPIKO COFFEE CANDY 24X175G,2023-11,1725
KOPIKO COFFEE CANDY 24X175G,2023-12,2233
KOPIKO COFFEE CANDY 24X175G,2024-01,1331
KOPIKO COFFEE CANDY 24X175G,2024-02,1317
KOPIKO COFFEE CANDY 24X175G,2024-03,769
KOPIKO COFFEE CANDY 24X175G,2024-04,1511
KOPIKO COFFEE CANDY 24X175G,2024-05,1711
KOPIKO COFFEE CANDY 24X175G,2024-06,1774
KOPIKO COFFEE CANDY 24X175G,2024-07,1983
KOPIKO COFFEE CANDY 24X175G,2024-08,2188
KOPIKO COFFEE CANDY 24X175G,2024-09,824
KOPIKO COFFEE CANDY 24X175G,2024-10,1356
KOPIKO COFFEE CANDY 24X175G,2024-11,1657
KOPIKO COFFEE CANDY 24X175G,2024-12,878
KOPIKO COFFEE CANDY JAR 6X560G,2022-01,843
KOPIKO COFFEE CANDY JAR 6X560G,2022-02,1801
KOPIKO COFFEE CANDY JAR 6X560G,2022-03,904
KOPIKO COFFEE CANDY JAR 6X560G,2022-04,1661
KOPIKO COFFEE CANDY JAR 6X560G,2022-05,1250
KOPIKO COFFEE CANDY JAR 6X560G,2022-06,1309
KOPIKO COFFEE CANDY JAR 6X560G,2022-07,1911
KOPIKO COFFEE CANDY JAR 6X560G,2022-08,1767
KOPIKO COFFEE CANDY JAR 6X560G,2022-09,1287
KOPIKO COFFEE CANDY JAR 6X560G,2022-10,1762
KOPIKO COFFEE CANDY JAR 6X560G,2022-11,1566
KOPIKO COFFEE CANDY JAR 6X560G,2022-12,981
KOPIKO COFFEE CANDY JAR 6X560G,2023-01,1305
KOPIKO COFFEE CANDY JAR 6X560G,2023-02,1642
KOPIKO COFFEE CANDY JAR 6X560G,2023-03,999
KOPIKO COFFEE CANDY JAR 6X560G,2023-04,726
KOPIKO COFFEE CANDY JAR 6X560G,2023-05,1698
KOPIKO COFFEE CANDY JAR 6X560G,2023-06,1446
KOPIKO COFFEE CANDY JAR 6X560G,2023-07,729
KOPIKO COFFEE CANDY JAR 6X560G,2023-08,2263
KOPIKO COFFEE CANDY JAR 6X560G,2023-09,1661
KOPIKO COFFEE CANDY JAR 6X560G,2023-10,1011
KOPIKO COFFEE CANDY JAR 6X560G,2023-11,2178
KOPIKO COFFEE CANDY JAR 6X560G,2023-12,2113
KOPIKO COFFEE CANDY JAR 6X560G,2024-01,1499
KOPIKO COFFEE CANDY JAR 6X560G,2024-02,1785
KOPIKO COFFEE CANDY JAR 6X560G,2024-03,1527
KOPIKO COFFEE CANDY JAR 6X560G,2024-04,812
KOPIKO COFFEE CANDY JAR 6X560G,2024-05,1579
KOPIKO COFFEE CANDY JAR 6X560G,2024-06,2214
KOPIKO COFFEE CANDY JAR 6X560G,2024-07,2260
KOPIKO COFFEE CANDY JAR 6X560G,2024-08,1031
KOPIKO COFFEE CANDY JAR 6X560G,2024-09,1466
KOPIKO COFFEE CANDY JAR 6X560G,2024-10,1759
KOPIKO COFFEE CANDY JAR 6X560G,2024-11,1292
KOPIKO COFFEE CANDY JAR 6X560G,2024-12,1926
KOPIKO CAPPUCCINO CANDY 24X175G,2022-01,2047
KOPIKO CAPPUCCINO CANDY 24X175G,2022-02,1270
KOPIKO CAPPUCCINO CANDY 24X175G,2022-03,1671
KOPIKO CAPPUCCINO CANDY 24X175G,2022-04,2050
KOPIKO CAPPUCCINO CANDY 24X175G,2022-05,2104
KOPIKO CAPPUCCINO CANDY 24X175G,2022-06,2245
KOPIKO CAPPUCCINO CANDY 24X175G,2022-07,1497
KOPIKO CAPPUCCINO CANDY 24X175G,2022-08,1240
KOPIKO CAPPUCCINO CANDY 24X175G,2022-09,1354
KOPIKO CAPPUCCINO CANDY 24X175G,2022-10,1466
KOPIKO CAPPUCCINO CANDY 24X175G,2022-11,2102
KOPIKO CAPPUCCINO CANDY 24X175G,2022-12,874
KOPIKO CAPPUCCINO CANDY 24X175G,2023-01,1178
KOPIKO CAPPUCCINO CANDY 24X175G,2023-02,2081
KOPIKO CAPPUCCINO CANDY 24X175G,2023-03,1282
KOPIKO CAPPUCCINO CANDY 24X175G,2023-04,2159
KOPIKO CAPPUCCINO CANDY 24X175G,2023-05,2142
KOPIKO CAPPUCCINO CANDY 24X175G,2023-06,1990
KOPIKO CAPPUCCINO CANDY 24X175G,2023-07,849
KOPIKO CAPPUCCINO CANDY 24X175G,2023-08,949
KOPIKO CAPPUCCINO CANDY 24X175G,2023-09,1247
KOPIKO CAPPUCCINO CANDY 24X175G,2023-10,2066
KOPIKO CAPPUCCINO CANDY 24X175G,2023-11,1914
KOPIKO CAPPUCCINO CANDY 24X175G,2023-12,1905
KOPIKO CAPPUCCINO CANDY 24X175G,2024-01,661
KOPIKO CAPPUCCINO CANDY 24X175G,2024-02,1591
KOPIKO CAPPUCCINO CANDY 24X175G,2024-03,1725
KOPIKO CAPPUCCINO CANDY 24X175G,2024-04,1277
KOPIKO CAPPUCCINO CANDY 24X175G,2024-05,1947
KOPIKO CAPPUCCINO CANDY 24X175G,2024-06,2040
KOPIKO CAPPUCCINO CANDY 24X175G,2024-07,796
KOPIKO CAPPUCCINO CANDY 24X175G,2024-08,834
KOPIKO CAPPUCCINO CANDY 24X175G,2024-09,1947
KOPIKO CAPPUCCINO CANDY 24X175G,2024-10,1852
KOPIKO CAPPUCCINO CANDY 24X175G,2024-11,1441
KOPIKO CAPPUCCINO CANDY 24X175G,2024-12,1153
FRES MIXED CANDY JAR 12X600G,2022-01,1321
FRES MIXED CANDY JAR 12X600G,2022-02,1180
FRES MIXED CANDY JAR 12X600G,2022-03,1146
FRES MIXED CANDY JAR 12X600G,2022-04,1254
FRES MIXED CANDY JAR 12X600G,2022-05,687
FRES MIXED CANDY JAR 12X600G,2022-06,1018
FRES MIXED CANDY JAR 12X600G,2022-07,898
FRES MIXED CANDY JAR 12X600G,2022-08,677
FRES MIXED CANDY JAR 12X600G,2022-09,684
FRES MIXED CANDY JAR 12X600G,2022-10,644
FRES MIXED CANDY JAR 12X600G,2022-11,608
FRES MIXED CANDY JAR 12X600G,2022-12,1879
FRES MIXED CANDY JAR 12X600G,2023-01,1565
FRES MIXED CANDY JAR 12X600G,2023-02,1441
FRES MIXED CANDY JAR 12X600G,2023-03,1319
FRES MIXED CANDY JAR 12X600G,2023-04,559
FRES MIXED CANDY JAR 12X600G,2023-05,1489
FRES MIXED CANDY JAR 12X600G,2023-06,1586
FRES MIXED CANDY JAR 12X600G,2023-07,1375
FRES MIXED CANDY JAR 12X600G,2023-08,803
FRES MIXED CANDY JAR 12X600G,2023-09,590
FRES MIXED CANDY JAR 12X600G,2023-10,1055
FRES MIXED CANDY JAR 12X600G,2023-11,1683
FRES MIXED CANDY JAR 12X600G,2023-12,1108
FRES MIXED CANDY JAR 12X600G,2024-01,568
FRES MIXED CANDY JAR 12X600G,2024-02,624
FRES MIXED CANDY JAR 12X600G,2024-03,1269
FRES MIXED CANDY JAR 12X600G,2024-04,1415
FRES MIXED CANDY JAR 12X600G,2024-05,830
FRES MIXED CANDY JAR 12X600G,2024-06,879
FRES MIXED CANDY JAR 12X600G,2024-07,701
FRES MIXED CANDY JAR 12X600G,2024-08,1154
FRES MIXED CANDY JAR 12X600G,2024-09,952
FRES MIXED CANDY JAR 12X600G,2024-10,911
FRES MIXED CANDY JAR 12X600G,2024-11,607
FRES MIXED CANDY JAR 12X600G,2024-12,994
FRES MINT BARLEY  24X50X3G,2022-01,1181
FRES MINT BARLEY  24X50X3G,2022-02,1409
FRES MINT BARLEY  24X50X3G,2022-03,556
FRES MINT BARLEY  24X50X3G,2022-04,1004
FRES MINT BARLEY  24X50X3G,2022-05,1226
FRES MINT BARLEY  24X50X3G,2022-06,1468
FRES MINT BARLEY  24X50X3G,2022-07,1024
FRES MINT BARLEY  24X50X3G,2022-08,969
FRES MINT BARLEY  24X50X3G,2022-09,1450
FRES MINT BARLEY  24X50X3G,2022-10,894
FRES MINT BARLEY  24X50X3G,2022-11,850
FRES MINT BARLEY  24X50X3G,2022-12,813
FRES MINT BARLEY  24X50X3G,2023-01,917
FRES MINT BARLEY  24X50X3G,2023-02,715
FRES MINT BARLEY  24X50X3G,2023-03,1006
FRES MINT BARLEY  24X50X3G,2023-04,1210
FRES MINT BARLEY  24X50X3G,2023-05,851
FRES MINT BARLEY  24X50X3G,2023-06,849
FRES MINT BARLEY  24X50X3G,2023-07,1467
FRES MINT BARLEY  24X50X3G,2023-08,1684
FRES MINT BARLEY  24X50X3G,2023-09,1471
FRES MINT BARLEY  24X50X3G,2023-10,897
FRES MINT BARLEY  24X50X3G,2023-11,682
FRES MINT BARLEY  24X50X3G,2023-12,1909
FRES MINT BARLEY  24X50X3G,2024-01,1134
FRES MINT BARLEY  24X50X3G,2024-02,1237
FRES MINT BARLEY  24X50X3G,2024-03,1539
FRES MINT BARLEY  24X50X3G,2024-04,774
FRES MINT BARLEY  24X50X3G,2024-05,1172
FRES MINT BARLEY  24X50X3G,2024-06,585
FRES MINT BARLEY  24X50X3G,2024-07,1145
FRES MINT BARLEY  24X50X3G,2024-08,1673
FRES MINT BARLEY  24X50X3G,2024-09,1327
FRES MINT BARLEY  24X50X3G,2024-10,959
FRES MINT BARLEY  24X50X3G,2024-11,720
FRES MINT BARLEY  24X50X3G,2024-12,691
FRES MINT BARLEY 12X200X3G,2022-01,1295
FRES MINT BARLEY 12X200X3G,2022-02,595
FRES MINT BARLEY 12X200X3G,2022-03,1327
FRES MINT BARLEY 12X200X3G,2022-04,1585
FRES MINT BARLEY 12X200X3G,2022-05,652
FRES MINT BARLEY 12X200X3G,2022-06,1630
FRES MINT BARLEY 12X200X3G,2022-07,671
FRES MINT BARLEY 12X200X3G,2022-08,1382
FRES MINT BARLEY 12X200X3G,2022-09,1057
FRES MINT BARLEY 12X200X3G,2022-10,1333
FRES MINT BARLEY 12X200X3G,2022-11,1645
FRES MINT BARLEY 12X200X3G,2022-12,1209
FRES MINT BARLEY 12X200X3G,2023-01,1086
FRES MINT BARLEY 12X200X3G,2023-02,1199
FRES MINT BARLEY 12X200X3G,2023-03,1424
FRES MINT BARLEY 12X200X3G,2023-04,891
FRES MINT BARLEY 12X200X3G,2023-05,1240
FRES MINT BARLEY 12X200X3G,2023-06,987
FRES MINT BARLEY 12X200X3G,2023-07,887
FRES MINT BARLEY 12X200X3G,2023-08,1174
FRES MINT BARLEY 12X200X3G,2023-09,598
FRES MINT BARLEY 12X200X3G,2023-10,1403
FRES MINT BARLEY 12X200X3G,2023-11,702
FRES MINT BARLEY 12X200X3G,2023-12,976
FRES MINT BARLEY 12X200X3G,2024-01,562
FRES MINT BARLEY 12X200X3G,2024-02,610
FRES MINT BARLEY 12X200X3G,2024-03,976
FRES MINT BARLEY 12X200X3G,2024-04,1189
FRES MINT BARLEY 12X200X3G,2024-05,1510
FRES MINT BARLEY 12X200X3G,2024-06,1611
FRES MINT BARLEY 12X200X3G,2024-07,1409
FRES MINT BARLEY 12X200X3G,2024-08,1281
FRES MINT BARLEY 12X200X3G,2024-09,700
FRES MINT BARLEY 12X200X3G,2024-10,896
FRES MINT BARLEY 12X200X3G,2024-11,1383
FRES MINT BARLEY 12X200X3G,2024-12,1695
FRES MINT CHERRY 24X50X3G,2022-01,1425
FRES MINT CHERRY 24X50X3G,2022-02,816
FRES MINT CHERRY 24X50X3G,2022-03,708
FRES MINT CHERRY 24X50X3G,2022-04,1119
FRES MINT CHERRY 24X50X3G,2022-05,894
FRES MINT CHERRY 24X50X3G,2022-06,714
FRES MINT CHERRY 24X50X3G,2022-07,1670
FRES MINT CHERRY 24X50X3G,2022-08,672
FRES MINT CHERRY 24X50X3G,2022-09,749
FRES MINT CHERRY 24X50X3G,2022-10,571
FRES MINT CHERRY 24X50X3G,2022-11,764
FRES MINT CHERRY 24X50X3G,2022-12,1314
FRES MINT CHERRY 24X50X3G,2023-01,1173
FRES MINT CHERRY 24X50X3G,2023-02,1374
FRES MINT CHERRY 24X50X3G,2023-03,1521
FRES MINT CHERRY 24X50X3G,2023-04,1205
FRES MINT CHERRY 24X50X3G,2023-05,674
FRES MINT CHERRY 24X50X3G,2023-06,1373
FRES MINT CHERRY 24X50X3G,2023-07,1482
FRES MINT CHERRY 24X50X3G,2023-08,1043
FRES MINT CHERRY 24X50X3G,2023-09,1178
FRES MINT CHERRY 24X50X3G,2023-10,1544
FRES MINT CHERRY 24X50X3G,2023-11,1148
FRES MINT CHERRY 24X50X3G,2023-12,1046
FRES MINT CHERRY 24X50X3G,2024-01,1173
FRES MINT CHERRY 24X50X3G,2024-02,981
FRES MINT CHERRY 24X50X3G,2024-03,840
FRES MINT CHERRY 24X50X3G,2024-04,1333
FRES MINT CHERRY 24X50X3G,2024-05,1013
FRES MINT CHERRY 24X50X3G,2024-06,1115
FRES MINT CHERRY 24X50X3G,2024-07,1378
FRES MINT CHERRY 24X50X3G,2024-08,1168
FRES MINT CHERRY 24X50X3G,2024-09,1563
FRES MINT CHERRY 24X50X3G,2024-10,896
FRES MINT CHERRY 24X50X3G,2024-11,1690
FRES MINT CHERRY 24X50X3G,2024-12,1232
FRES MINT CHERRY JAR 12X200X3G,2022-01,1461
FRES MINT CHERRY JAR 12X200X3G,2022-02,1491
FRES MINT CHERRY JAR 12X200X3G,2022-03,964
FRES MINT CHERRY JAR 12X200X3G,2022-04,931
FRES MINT CHERRY JAR 12X200X3G,2022-05,597
FRES MINT CHERRY JAR 12X200X3G,2022-06,1037
FRES MINT CHERRY JAR 12X200X3G,2022-07,957
FRES MINT CHERRY JAR 12X200X3G,2022-08,592
FRES MINT CHERRY JAR 12X200X3G,2022-09,1518
FRES MINT CHERRY JAR 12X200X3G,2022-10,1481
FRES MINT CHERRY JAR 12X200X3G,2022-11,1602
FRES MINT CHERRY JAR 12X200X3G,2022-12,686
FRES MINT CHERRY JAR 12X200X3G,2023-01,1531
FRES MINT CHERRY JAR 12X200X3G,2023-02,1487
FRES MINT CHERRY JAR 12X200X3G,2023-03,814
FRES MINT CHERRY JAR 12X200X3G,2023-04,962
FRES MINT CHERRY JAR 12X200X3G,2023-05,919
FRES MINT CHERRY JAR 12X200X3G,2023-06,1496
FRES MINT CHERRY JAR 12X200X3G,2023-07,1242
FRES MINT CHERRY JAR 12X200X3G,2023-08,603
FRES MINT CHERRY JAR 12X200X3G,2023-09,1375
FRES MINT CHERRY JAR 12X200X3G,2023-10,1232
FRES MINT CHERRY JAR 12X200X3G,2023-11,1731
FRES MINT CHERRY JAR 12X200X3G,2023-12,802
FRES MINT CHERRY JAR 12X200X3G,2024-01,847
FRES MINT CHERRY JAR 12X200X3G,2024-02,1085
FRES MINT CHERRY JAR 12X200X3G,2024-03,535
FRES MINT CHERRY JAR 12X200X3G,2024-04,1415
FRES MINT CHERRY JAR 12X200X3G,2024-05,1315
FRES MINT CHERRY JAR 12X200X3G,2024-06,1628
FRES MINT CHERRY JAR 12X200X3G,2024-07,994
FRES MINT CHERRY JAR 12X200X3G,2024-08,1329
FRES MINT CHERRY JAR 12X200X3G,2024-09,958
FRES MINT CHERRY JAR 12X200X3G,2024-10,1309
FRES MINT CHERRY JAR 12X200X3G,2024-11,1749
FRES MINT CHERRY JAR 12X200X3G,2024-12,1467
FRES MINT GRAPE 24X50X3G,2022-01,1107
FRES MINT GRAPE 24X50X3G,2022-02,1010
FRES MINT GRAPE 24X50X3G,2022-03,1079
FRES MINT GRAPE 24X50X3G,2022-04,1288
FRES MINT GRAPE 24X50X3G,2022-05,1402
FRES MINT GRAPE 24X50X3G,2022-06,611
FRES MINT GRAPE 24X50X3G,2022-07,1133
FRES MINT GRAPE 24X50X3G,2022-08,672
FRES MINT GRAPE 24X50X3G,2022-09,804
FRES MINT GRAPE 24X50X3G,2022-10,752
FRES MINT GRAPE 24X50X3G,2022-11,1168
FRES MINT GRAPE 24X50X3G,2022-12,1280
FRES MINT GRAPE 24X50X3G,2023-01,1328
FRES MINT GRAPE 24X50X3G,2023-02,737
FRES MINT GRAPE 24X50X3G,2023-03,1064
FRES MINT GRAPE 24X50X3G,2023-04,785
FRES MINT GRAPE 24X50X3G,2023-05,1507
FRES MINT GRAPE 24X50X3G,2023-06,1710
FRES MINT GRAPE 24X50X3G,2023-07,1478
FRES MINT GRAPE 24X50X3G,2023-08,1277
FRES MINT GRAPE 24X50X3G,2023-09,1110
FRES MINT GRAPE 24X50X3G,2023-10,1231
FRES MINT GRAPE 24X50X3G,2023-11,1376
FRES MINT GRAPE 24X50X3G,2023-12,1001
FRES MINT GRAPE 24X50X3G,2024-01,1246
FRES MINT GRAPE 24X50X3G,2024-02,847
FRES MINT GRAPE 24X50X3G,2024-03,1316
FRES MINT GRAPE 24X50X3G,2024-04,570
FRES MINT GRAPE 24X50X3G,2024-05,1432
FRES MINT GRAPE 24X50X3G,2024-06,813
FRES MINT GRAPE 24X50X3G,2024-07,653
FRES MINT GRAPE 24X50X3G,2024-08,660
FRES MINT GRAPE 24X50X3G,2024-09,1094
FRES MINT GRAPE 24X50X3G,2024-10,842
FRES MINT GRAPE 24X50X3G,2024-11,985
FRES MINT GRAPE 24X50X3G,2024-12,793
FRES MINT GRAPE JAR 12X200X3G,2022-01,1134
FRES MINT GRAPE JAR 12X200X3G,2022-02,1362
FRES MINT GRAPE JAR 12X200X3G,2022-03,1402
FRES MINT GRAPE JAR 12X200X3G,2022-04,1225
FRES MINT GRAPE JAR 12X200X3G,2022-05,961
FRES MINT GRAPE JAR 12X200X3G,2022-06,1708
FRES MINT GRAPE JAR 12X200X3G,2022-07,1473
FRES MINT GRAPE JAR 12X200X3G,2022-08,1137
FRES MINT GRAPE JAR 12X200X3G,2022-09,854
FRES MINT GRAPE JAR 12X200X3G,2022-10,1340
FRES MINT GRAPE JAR 12X200X3G,2022-11,1501
FRES MINT GRAPE JAR 12X200X3G,2022-12,1913
FRES MINT GRAPE JAR 12X200X3G,2023-01,1422
FRES MINT GRAPE JAR 12X200X3G,2023-02,1434
FRES MINT GRAPE JAR 12X200X3G,2023-03,1444
FRES MINT GRAPE JAR 12X200X3G,2023-04,1489
FRES MINT GRAPE JAR 12X200X3G,2023-05,554
FRES MINT GRAPE JAR 12X200X3G,2023-06,1462
FRES MINT GRAPE JAR 12X200X3G,2023-07,1110
FRES MINT GRAPE JAR 12X200X3G,2023-08,1199
FRES MINT GRAPE JAR 12X200X3G,2023-09,783
FRES MINT GRAPE JAR 12X200X3G,2023-10,638
FRES MINT GRAPE JAR 12X200X3G,2023-11,1305
FRES MINT GRAPE JAR 12X200X3G,2023-12,1249
FRES MINT GRAPE JAR 12X200X3G,2024-01,540
FRES MINT GRAPE JAR 12X200X3G,2024-02,1444
FRES MINT GRAPE JAR 12X200X3G,2024-03,1058
FRES MINT GRAPE JAR 12X200X3G,2024-04,1421
FRES MINT GRAPE JAR 12X200X3G,2024-05,1346
FRES MINT GRAPE JAR 12X200X3G,2024-06,1350
FRES MINT GRAPE JAR 12X200X3G,2024-07,892
FRES MINT GRAPE JAR 12X200X3G,2024-08,711
FRES MINT GRAPE JAR 12X200X3G,2024-09,756
FRES MINT GRAPE JAR 12X200X3G,2024-10,526
FRES MINT GRAPE JAR 12X200X3G,2024-11,1707
FRES MINT GRAPE JAR 12X200X3G,2024-12,1593
FRES APPLE PEACH CANDY 24X150G,2022-01,1025
FRES APPLE PEACH CANDY 24X150G,2022-02,669
FRES APPLE PEACH CANDY 24X150G,2022-03,1027
FRES APPLE PEACH CANDY 24X150G,2022-04,1613
FRES APPLE PEACH CANDY 24X150G,2022-05,658
FRES APPLE PEACH CANDY 24X150G,2022-06,886
FRES APPLE PEACH CANDY 24X150G,2022-07,824
FRES APPLE PEACH CANDY 24X150G,2022-08,669
FRES APPLE PEACH CANDY 24X150G,2022-09,677
FRES APPLE PEACH CANDY 24X150G,2022-10,1498
FRES APPLE PEACH CANDY 24X150G,2022-11,877
FRES APPLE PEACH CANDY 24X150G,2022-12,1324
FRES APPLE PEACH CANDY 24X150G,2023-01,582
FRES APPLE PEACH CANDY 24X150G,2023-02,1073
FRES APPLE PEACH CANDY 24X150G,2023-03,1231
FRES APPLE PEACH CANDY 24X150G,2023-04,1217
FRES APPLE PEACH CANDY 24X150G,2023-05,731
FRES APPLE PEACH CANDY 24X150G,2023-06,1500
FRES APPLE PEACH CANDY 24X150G,2023-07,791
FRES APPLE PEACH CANDY 24X150G,2023-08,1296
FRES APPLE PEACH CANDY 24X150G,2023-09,1125
FRES APPLE PEACH CANDY 24X150G,2023-10,1434
FRES APPLE PEACH CANDY 24X150G,2023-11,1783
FRES APPLE PEACH CANDY 24X150G,2023-12,1864
FRES APPLE PEACH CANDY 24X150G,2024-01,1197
FRES APPLE PEACH CANDY 24X150G,2024-02,968
FRES APPLE PEACH CANDY 24X150G,2024-03,893
FRES APPLE PEACH CANDY 24X150G,2024-04,629
FRES APPLE PEACH CANDY 24X150G,2024-05,1631
FRES APPLE PEACH CANDY 24X150G,2024-06,793
FRES APPLE PEACH CANDY 24X150G,2024-07,1036
FRES APPLE PEACH CANDY 24X150G,2024-08,1530
FRES APPLE PEACH CANDY 24X150G,2024-09,544
FRES APPLE PEACH CANDY 24X150G,2024-10,749
FRES APPLE PEACH CANDY 24X150G,2024-11,748
FRES APPLE PEACH CANDY 24X150G,2024-12,1609
BENG BENG CHOCOLATE 12X10X26.5G,2022-01,631
BENG BENG CHOCOLATE 12X10X26.5G,2022-02,808
BENG BENG CHOCOLATE 12X10X26.5G,2022-03,499
BENG BENG CHOCOLATE 12X10X26.5G,2022-04,968
BENG BENG CHOCOLATE 12X10X26.5G,2022-05,1095
BENG BENG CHOCOLATE 12X10X26.5G,2022-06,929
BENG BENG CHOCOLATE 12X10X26.5G,2022-07,1256
BENG BENG CHOCOLATE 12X10X26.5G,2022-08,476
BENG BENG CHOCOLATE 12X10X26.5G,2022-09,492
BENG BENG CHOCOLATE 12X10X26.5G,2022-10,1213
BENG BENG CHOCOLATE 12X10X26.5G,2022-11,777
BENG BENG CHOCOLATE 12X10X26.5G,2022-12,1485
BENG BENG CHOCOLATE 12X10X26.5G,2023-01,759
BENG BENG CHOCOLATE 12X10X26.5G,2023-02,814
BENG BENG CHOCOLATE 12X10X26.5G,2023-03,677
BENG BENG CHOCOLATE 12X10X26.5G,2023-04,916
BENG BENG CHOCOLATE 12X10X26.5G,2023-05,1152
BENG BENG CHOCOLATE 12X10X26.5G,2023-06,604
BENG BENG CHOCOLATE 12X10X26.5G,2023-07,1138
BENG BENG CHOCOLATE 12X10X26.5G,2023-08,1251
BENG BENG CHOCOLATE 12X10X26.5G,2023-09,1126
BENG BENG CHOCOLATE 12X10X26.5G,2023-10,1257
BENG BENG CHOCOLATE 12X10X26.5G,2023-11,1206
BENG BENG CHOCOLATE 12X10X26.5G,2023-12,1349
BENG BENG CHOCOLATE 12X10X26.5G,2024-01,1048
BENG BENG CHOCOLATE 12X10X26.5G,2024-02,1095
BENG BENG CHOCOLATE 12X10X26.5G,2024-03,630
BENG BENG CHOCOLATE 12X10X26.5G,2024-04,909
BENG BENG CHOCOLATE 12X10X26.5G,2024-05,1277
BENG BENG CHOCOLATE 12X10X26.5G,2024-06,1123
BENG BENG CHOCOLATE 12X10X26.5G,2024-07,639
BENG BENG CHOCOLATE 12X10X26.5G,2024-08,965
BENG BENG CHOCOLATE 12X10X26.5G,2024-09,859
BENG BENG CHOCOLATE 12X10X26.5G,2024-10,586
BENG BENG CHOCOLATE 12X10X26.5G,2024-11,1113
BENG BENG CHOCOLATE 12X10X26.5G,2024-12,1041
BENG BENG SHARE IT 16X95G,2022-01,1219
BENG BENG SHARE IT 16X95G,2022-02,977
BENG BENG SHARE IT 16X95G,2022-03,817
BENG BENG SHARE IT 16X95G,2022-04,892
BENG BENG SHARE IT 16X95G,2022-05,1223
BENG BENG SHARE IT 16X95G,2022-06,1339
BENG BENG SHARE IT 16X95G,2022-07,1355
BENG BENG SHARE IT 16X95G,2022-08,1353
BENG BENG SHARE IT 16X95G,2022-09,1162
BENG BENG SHARE IT 16X95G,2022-10,840
BENG BENG SHARE IT 16X95G,2022-11,1033
BENG BENG SHARE IT 16X95G,2022-12,1224
BENG BENG SHARE IT 16X95G,2023-01,821
BENG BENG SHARE IT 16X95G,2023-02,1215
BENG BENG SHARE IT 16X95G,2023-03,570
BENG BENG SHARE IT 16X95G,2023-04,984
BENG BENG SHARE IT 16X95G,2023-05,599
BENG BENG SHARE IT 16X95G,2023-06,1230
BENG BENG SHARE IT 16X95G,2023-07,902
BENG BENG SHARE IT 16X95G,2023-08,817
BENG BENG SHARE IT 16X95G,2023-09,665
BENG BENG SHARE IT 16X95G,2023-10,1031
BENG BENG SHARE IT 16X95G,2023-11,1118
BENG BENG SHARE IT 16X95G,2023-12,629
BENG BENG SHARE IT 16X95G,2024-01,786
BENG BENG SHARE IT 16X95G,2024-02,704
BENG BENG SHARE IT 16X95G,2024-03,527
BENG BENG SHARE IT 16X95G,2024-04,1201
BENG BENG SHARE IT 16X95G,2024-05,782
BENG BENG SHARE IT 16X95G,2024-06,1261
BENG BENG SHARE IT 16X95G,2024-07,764
BENG BENG SHARE IT 16X95G,2024-08,1043
BENG BENG SHARE IT 16X95G,2024-09,758
BENG BENG SHARE IT 16X95G,2024-10,438
BENG BENG SHARE IT 16X95G,2024-11,1392
BENG BENG SHARE IT 16X95G,2024-12,616
CAL CHEESE WAFER 20X20X8.5G,2022-01,1121
CAL CHEESE WAFER 20X20X8.5G,2022-02,677
CAL CHEESE WAFER 20X20X8.5G,2022-03,743
CAL CHEESE WAFER 20X20X8.5G,2022-04,844
CAL CHEESE WAFER 20X20X8.5G,2022-05,517
CAL CHEESE WAFER 20X20X8.5G,2022-06,692
CAL CHEESE WAFER 20X20X8.5G,2022-07,993
CAL CHEESE WAFER 20X20X8.5G,2022-08,853
CAL CHEESE WAFER 20X20X8.5G,2022-09,540
CAL CHEESE WAFER 20X20X8.5G,2022-10,1212
CAL CHEESE WAFER 20X20X8.5G,2022-11,795
CAL CHEESE WAFER 20X20X8.5G,2022-12,1281
CAL CHEESE WAFER 20X20X8.5G,2023-01,626
CAL CHEESE WAFER 20X20X8.5G,2023-02,1084
CAL CHEESE WAFER 20X20X8.5G,2023-03,994
CAL CHEESE WAFER 20X20X8.5G,2023-04,955
CAL CHEESE WAFER 20X20X8.5G,2023-05,946
CAL CHEESE WAFER 20X20X8.5G,2023-06,997
CAL CHEESE WAFER 20X20X8.5G,2023-07,862
CAL CHEESE WAFER 20X20X8.5G,2023-08,1127
CAL CHEESE WAFER 20X20X8.5G,2023-09,511
CAL CHEESE WAFER 20X20X8.5G,2023-10,507
CAL CHEESE WAFER 20X20X8.5G,2023-11,1274
CAL CHEESE WAFER 20X20X8.5G,2023-12,748
CAL CHEESE WAFER 20X20X8.5G,2024-01,1144
CAL CHEESE WAFER 20X20X8.5G,2024-02,1229
CAL CHEESE WAFER 20X20X8.5G,2024-03,520
CAL CHEESE WAFER 20X20X8.5G,2024-04,790
CAL CHEESE WAFER 20X20X8.5G,2024-05,1057
CAL CHEESE WAFER 20X20X8.5G,2024-06,696
CAL CHEESE WAFER 20X20X8.5G,2024-07,1307
CAL CHEESE WAFER 20X20X8.5G,2024-08,1168
CAL CHEESE WAFER 20X20X8.5G,2024-09,1066
CAL CHEESE WAFER 20X20X8.5G,2024-10,991
CAL CHEESE WAFER 20X20X8.5G,2024-11,537
CAL CHEESE WAFER 20X20X8.5G,2024-12,1066
CAL CHEESE CHEESE WAFER 60X48G,2022-01,657
CAL CHEESE CHEESE WAFER 60X48G,2022-02,903
CAL CHEESE CHEESE WAFER 60X48G,2022-03,593
CAL CHEESE CHEESE WAFER 60X48G,2022-04,1306
CAL CHEESE CHEESE WAFER 60X48G,2022-05,998
CAL CHEESE CHEESE WAFER 60X48G,2022-06,1129
CAL CHEESE CHEESE WAFER 60X48G,2022-07,885
CAL CHEESE CHEESE WAFER 60X48G,2022-08,729
CAL CHEESE CHEESE WAFER 60X48G,2022-09,1199
CAL CHEESE CHEESE WAFER 60X48G,2022-10,1182
CAL CHEESE CHEESE WAFER 60X48G,2022-11,1102
CAL CHEESE CHEESE WAFER 60X48G,2022-12,1336
CAL CHEESE CHEESE WAFER 60X48G,2023-01,1146
CAL CHEESE CHEESE WAFER 60X48G,2023-02,617
CAL CHEESE CHEESE WAFER 60X48G,2023-03,1228
CAL CHEESE CHEESE WAFER 60X48G,2023-04,554
CAL CHEESE CHEESE WAFER 60X48G,2023-05,639
CAL CHEESE CHEESE WAFER 60X48G,2023-06,945
CAL CHEESE CHEESE WAFER 60X48G,2023-07,752
CAL CHEESE CHEESE WAFER 60X48G,2023-08,839
CAL CHEESE CHEESE WAFER 60X48G,2023-09,668
CAL CHEESE CHEESE WAFER 60X48G,2023-10,991
CAL CHEESE CHEESE WAFER 60X48G,2023-11,1167
CAL CHEESE CHEESE WAFER 60X48G,2023-12,994
CAL CHEESE CHEESE WAFER 60X48G,2024-01,809
CAL CHEESE CHEESE WAFER 60X48G,2024-02,980
CAL CHEESE CHEESE WAFER 60X48G,2024-03,804
CAL CHEESE CHEESE WAFER 60X48G,2024-04,757
CAL CHEESE CHEESE WAFER 60X48G,2024-05,467
CAL CHEESE CHEESE WAFER 60X48G,2024-06,579
CAL CHEESE CHEESE WAFER 60X48G,2024-07,1284
CAL CHEESE CHEESE WAFER 60X48G,2024-08,1327
CAL CHEESE CHEESE WAFER 60X48G,2024-09,798
CAL CHEESE CHEESE WAFER 60X48G,2024-10,696
CAL CHEESE CHEESE WAFER 60X48G,2024-11,1262
CAL CHEESE CHEESE WAFER 60X48G,2024-12,1333
CAL CHEESE CHEESE WAFER 20X10X20G,2022-01,1096
CAL CHEESE CHEESE WAFER 20X10X20G,2022-02,1088
CAL CHEESE CHEESE WAFER 20X10X20G,2022-03,877
CAL CHEESE CHEESE WAFER 20X10X20G,2022-04,1224
CAL CHEESE CHEESE WAFER 20X10X20G,2022-05,1180
CAL CHEESE CHEESE WAFER 20X10X20G,2022-06,832
CAL CHEESE CHEESE WAFER 20X10X20G,2022-07,937
CAL CHEESE CHEESE WAFER 20X10X20G,2022-08,577
CAL CHEESE CHEESE WAFER 20X10X20G,2022-09,714
CAL CHEESE CHEESE WAFER 20X10X20G,2022-10,438
CAL CHEESE CHEESE WAFER 20X10X20G,2022-11,873
CAL CHEESE CHEESE WAFER 20X10X20G,2022-12,729
CAL CHEESE CHEESE WAFER 20X10X20G,2023-01,785
CAL CHEESE CHEESE WAFER 20X10X20G,2023-02,865
CAL CHEESE CHEESE WAFER 20X10X20G,2023-03,844
CAL CHEESE CHEESE WAFER 20X10X20G,2023-04,988
CAL CHEESE CHEESE WAFER 20X10X20G,2023-05,1218
CAL CHEESE CHEESE WAFER 20X10X20G,2023-06,1278
CAL CHEESE CHEESE WAFER 20X10X20G,2023-07,964
CAL CHEESE CHEESE WAFER 20X10X20G,2023-08,1077
CAL CHEESE CHEESE WAFER 20X10X20G,2023-09,811
CAL CHEESE CHEESE WAFER 20X10X20G,2023-10,1140
CAL CHEESE CHEESE WAFER 20X10X20G,2023-11,696
CAL CHEESE CHEESE WAFER 20X10X20G,2023-12,811
CAL CHEESE CHEESE WAFER 20X10X20G,2024-01,1258
CAL CHEESE CHEESE WAFER 20X10X20G,2024-02,1140
CAL CHEESE CHEESE WAFER 20X10X20G,2024-03,803
CAL CHEESE CHEESE WAFER 20X10X20G,2024-04,914
CAL CHEESE CHEESE WAFER 20X10X20G,2024-05,1181
CAL CHEESE CHEESE WAFER 20X10X20G,2024-06,1347
CAL CHEESE CHEESE WAFER 20X10X20G,2024-07,776
CAL CHEESE CHEESE WAFER 20X10X20G,2024-08,865
CAL CHEESE CHEESE WAFER 20X10X20G,2024-09,1085
CAL CHEESE CHEESE WAFER 20X10X20G,2024-10,759
CAL CHEESE CHEESE WAFER 20X10X20G,2024-11,1140
CAL CHEESE CHEESE WAFER 20X10X20G,2024-12,585
CAL CHEESE CHEESE CHOCO 60X48G,2022-01,1019
CAL CHEESE CHEESE CHOCO 60X48G,2022-02,805
CAL CHEESE CHEESE CHOCO 60X48G,2022-03,1024
CAL CHEESE CHEESE CHOCO 60X48G,2022-04,487
CAL CHEESE CHEESE CHOCO 60X48G,2022-05,866
CAL CHEESE CHEESE CHOCO 60X48G,2022-06,1319
CAL CHEESE CHEESE CHOCO 60X48G,2022-07,944
CAL CHEESE CHEESE CHOCO 60X48G,2022-08,1090
CAL CHEESE CHEESE CHOCO 60X48G,2022-09,656
CAL CHEESE CHEESE CHOCO 60X48G,2022-10,698
CAL CHEESE CHEESE CHOCO 60X48G,2022-11,1405
CAL CHEESE CHEESE CHOCO 60X48G,2022-12,786
CAL CHEESE CHEESE CHOCO 60X48G,2023-01,470
CAL CHEESE CHEESE CHOCO 60X48G,2023-02,562
CAL CHEESE CHEESE CHOCO 60X48G,2023-03,804
CAL CHEESE CHEESE CHOCO 60X48G,2023-04,762
CAL CHEESE CHEESE CHOCO 60X48G,2023-05,870
CAL CHEESE CHEESE CHOCO 60X48G,2023-06,1354
CAL CHEESE CHEESE CHOCO 60X48G,2023-07,558
CAL CHEESE CHEESE CHOCO 60X48G,2023-08,1087
CAL CHEESE CHEESE CHOCO 60X48G,2023-09,628
CAL CHEESE CHEESE CHOCO 60X48G,2023-10,904
CAL CHEESE CHEESE CHOCO 60X48G,2023-11,782
CAL CHEESE CHEESE CHOCO 60X48G,2023-12,955
CAL CHEESE CHEESE CHOCO 60X48G,2024-01,614
CAL CHEESE CHEESE CHOCO 60X48G,2024-02,1084
CAL CHEESE CHEESE CHOCO 60X48G,2024-03,789
CAL CHEESE CHEESE CHOCO 60X48G,2024-04,514
CAL CHEESE CHEESE CHOCO 60X48G,2024-05,727
CAL CHEESE CHEESE CHOCO 60X48G,2024-06,775
CAL CHEESE CHEESE CHOCO 60X48G,2024-07,1018
CAL CHEESE CHEESE CHOCO 60X48G,2024-08,911
CAL CHEESE CHEESE CHOCO 60X48G,2024-09,873
CAL CHEESE CHEESE CHOCO 60X48G,2024-10,887
CAL CHEESE CHEESE CHOCO 60X48G,2024-11,1219
CAL CHEESE CHEESE CHOCO 60X48G,2024-12,1363
CAL CHEESE CHEESE CHOCO 20X10X20.5G,2022-01,1256
CAL CHEESE CHEESE CHOCO 20X10X20.5G,2022-02,835
CAL CHEESE CHEESE CHOCO 20X10X20.5G,2022-03,1126
CAL CHEESE CHEESE CHOCO 20X10X20.5G,2022-04,1244
CAL CHEESE CHEESE CHOCO 20X10X20.5G,2022-05,858
CAL CHEESE CHEESE CHOCO 20X10X20.5G,2022-06,815
CAL CHEESE CHEESE CHOCO 20X10X20.5G,2022-07,1236
CAL CHEESE CHEESE CHOCO 20X10X20.5G,2022-08,737
CAL CHEESE CHEESE CHOCO 20X10X20.5G,2022-09,644
CAL CHEESE CHEESE CHOCO 20X10X20.5G,2022-10,660
CAL CHEESE CHEESE CHOCO 20X10X20.5G,2022-11,516
CAL CHEESE CHEESE CHOCO 20X10X20.5G,2022-12,1480
CAL CHEESE CHEESE CHOCO 20X10X20.5G,2023-01,594
CAL CHEESE CHEESE CHOCO 20X10X20.5G,2023-02,816
CAL CHEESE CHEESE CHOCO 20X10X20.5G,2023-03,920
CAL CHEESE CHEESE CHOCO 20X10X20.5G,2023-04,459
CAL CHEESE CHEESE CHOCO 20X10X20.5G,2023-05,1021
CAL CHEESE CHEESE CHOCO 20X10X20.5G,2023-06,727
CAL CHEESE CHEESE CHOCO 20X10X20.5G,2023-07,464
CAL CHEESE CHEESE CHOCO 20X10X20.5G,2023-08,929
CAL CHEESE CHEESE CHOCO 20X10X20.5G,2023-09,782
CAL CHEESE CHEESE CHOCO 20X10X20.5G,2023-10,1077
CAL CHEESE CHEESE CHOCO 20X10X20.5G,2023-11,697
CAL CHEESE CHEESE CHOCO 20X10X20.5G,2023-12,1297
CAL CHEESE CHEESE CHOCO 20X10X20.5G,2024-01,1110
CAL CHEESE CHEESE CHOCO 20X10X20.5G,2024-02,1140
CAL CHEESE CHEESE CHOCO 20X10X20.5G,2024-03,867
CAL CHEESE CHEESE CHOCO 20X10X20.5G,2024-04,976
CAL CHEESE CHEESE CHOCO 20X10X20.5G,2024-05,878
CAL CHEESE CHEESE CHOCO 20X10X20.5G,2024-06,738
CAL CHEESE CHEESE CHOCO 20X10X20.5G,2024-07,961
CAL CHEESE CHEESE CHOCO 20X10X20.5G,2024-08,738
CAL CHEESE CHEESE CHOCO 20X10X20.5G,2024-09,717
CAL CHEESE CHEESE CHOCO 20X10X20.5G,2024-10,1039
CAL CHEESE CHEESE CHOCO 20X10X20.5G,2024-11,1382
CAL CHEESE CHEESE CHOCO 20X10X20.5G,2024-12,1487
WAFELLO CHOCO WAFER  60X48G,2022-01,1177
WAFELLO CHOCO WAFER  60X48G,2022-02,1073
WAFELLO CHOCO WAFER  60X48G,2022-03,628
WAFELLO CHOCO WAFER  60X48G,2022-04,628
WAFELLO CHOCO WAFER  60X48G,2022-05,1085
WAFELLO CHOCO WAFER  60X48G,2022-06,930
WAFELLO CHOCO WAFER  60X48G,2022-07,1171
WAFELLO CHOCO WAFER  60X48G,2022-08,683
WAFELLO CHOCO WAFER  60X48G,2022-09,760
WAFELLO CHOCO WAFER  60X48G,2022-10,744
WAFELLO CHOCO WAFER  60X48G,2022-11,1029
WAFELLO CHOCO WAFER  60X48G,2022-12,1238
WAFELLO CHOCO WAFER  60X48G,2023-01,591
WAFELLO CHOCO WAFER  60X48G,2023-02,1135
WAFELLO CHOCO WAFER  60X48G,2023-03,663
WAFELLO CHOCO WAFER  60X48G,2023-04,1039
WAFELLO CHOCO WAFER  60X48G,2023-05,732
WAFELLO CHOCO WAFER  60X48G,2023-06,1292
WAFELLO CHOCO WAFER  60X48G,2023-07,1346
WAFELLO CHOCO WAFER  60X48G,2023-08,661
WAFELLO CHOCO WAFER  60X48G,2023-09,517
WAFELLO CHOCO WAFER  60X48G,2023-10,786
WAFELLO CHOCO WAFER  60X48G,2023-11,807
WAFELLO CHOCO WAFER  60X48G,2023-12,1067
WAFELLO CHOCO WAFER  60X48G,2024-01,557
WAFELLO CHOCO WAFER  60X48G,2024-02,447
WAFELLO CHOCO WAFER  60X48G,2024-03,568
WAFELLO CHOCO WAFER  60X48G,2024-04,443
WAFELLO CHOCO WAFER  60X48G,2024-05,481
WAFELLO CHOCO WAFER  60X48G,2024-06,1190
WAFELLO CHOCO WAFER  60X48G,2024-07,510
WAFELLO CHOCO WAFER  60X48G,2024-08,963
WAFELLO CHOCO WAFER  60X48G,2024-09,508
WAFELLO CHOCO WAFER  60X48G,2024-10,906
WAFELLO CHOCO WAFER  60X48G,2024-11,800
WAFELLO CHOCO WAFER  60X48G,2024-12,705
WAFELLO CHOCO WAFER 20X10X21G,2022-01,1126
WAFELLO CHOCO WAFER 20X10X21G,2022-02,683
WAFELLO CHOCO WAFER 20X10X21G,2022-03,424
WAFELLO CHOCO WAFER 20X10X21G,2022-04,848
WAFELLO CHOCO WAFER 20X10X21G,2022-05,1318
WAFELLO CHOCO WAFER 20X10X21G,2022-06,1091
WAFELLO CHOCO WAFER 20X10X21G,2022-07,1113
WAFELLO CHOCO WAFER 20X10X21G,2022-08,491
WAFELLO CHOCO WAFER 20X10X21G,2022-09,1250
WAFELLO CHOCO WAFER 20X10X21G,2022-10,1148
WAFELLO CHOCO WAFER 20X10X21G,2022-11,919
WAFELLO CHOCO WAFER 20X10X21G,2022-12,950
WAFELLO CHOCO WAFER 20X10X21G,2023-01,1039
WAFELLO CHOCO WAFER 20X10X21G,2023-02,534
WAFELLO CHOCO WAFER 20X10X21G,2023-03,480
WAFELLO CHOCO WAFER 20X10X21G,2023-04,903
WAFELLO CHOCO WAFER 20X10X21G,2023-05,942
WAFELLO CHOCO WAFER 20X10X21G,2023-06,817
WAFELLO CHOCO WAFER 20X10X21G,2023-07,670
WAFELLO CHOCO WAFER 20X10X21G,2023-08,877
WAFELLO CHOCO WAFER 20X10X21G,2023-09,547
WAFELLO CHOCO WAFER 20X10X21G,2023-10,1232
WAFELLO CHOCO WAFER 20X10X21G,2023-11,494
WAFELLO CHOCO WAFER 20X10X21G,2023-12,1020
WAFELLO CHOCO WAFER 20X10X21G,2024-01,1180
WAFELLO CHOCO WAFER 20X10X21G,2024-02,435
WAFELLO CHOCO WAFER 20X10X21G,2024-03,1188
WAFELLO CHOCO WAFER 20X10X21G,2024-04,941
WAFELLO CHOCO WAFER 20X10X21G,2024-05,1272
WAFELLO CHOCO WAFER 20X10X21G,2024-06,803
WAFELLO CHOCO WAFER 20X10X21G,2024-07,876
WAFELLO CHOCO WAFER 20X10X21G,2024-08,1213
WAFELLO CHOCO WAFER 20X10X21G,2024-09,459
WAFELLO CHOCO WAFER 20X10X21G,2024-10,1237
WAFELLO CHOCO WAFER 20X10X21G,2024-11,1272
WAFELLO CHOCO WAFER 20X10X21G,2024-12,946
WAFELLO COCO CREME 20X10X20.5G,2022-01,444
WAFELLO COCO CREME 20X10X20.5G,2022-02,480
WAFELLO COCO CREME 20X10X20.5G,2022-03,937
WAFELLO COCO CREME 20X10X20.5G,2022-04,1079
WAFELLO COCO CREME 20X10X20.5G,2022-05,823
WAFELLO COCO CREME 20X10X20.5G,2022-06,702
WAFELLO COCO CREME 20X10X20.5G,2022-07,1009
WAFELLO COCO CREME 20X10X20.5G,2022-08,1013
WAFELLO COCO CREME 20X10X20.5G,2022-09,1102
WAFELLO COCO CREME 20X10X20.5G,2022-10,927
WAFELLO COCO CREME 20X10X20.5G,2022-11,528
WAFELLO COCO CREME 20X10X20.5G,2022-12,676
WAFELLO COCO CREME 20X10X20.5G,2023-01,858
WAFELLO COCO CREME 20X10X20.5G,2023-02,628
WAFELLO COCO CREME 20X10X20.5G,2023-03,929
WAFELLO COCO CREME 20X10X20.5G,2023-04,742
WAFELLO COCO CREME 20X10X20.5G,2023-05,1222
WAFELLO COCO CREME 20X10X20.5G,2023-06,738
WAFELLO COCO CREME 20X10X20.5G,2023-07,1156
WAFELLO COCO CREME 20X10X20.5G,2023-08,925
WAFELLO COCO CREME 20X10X20.5G,2023-09,946
WAFELLO COCO CREME 20X10X20.5G,2023-10,791
WAFELLO COCO CREME 20X10X20.5G,2023-11,583
WAFELLO COCO CREME 20X10X20.5G,2023-12,1079
WAFELLO COCO CREME 20X10X20.5G,2024-01,957
WAFELLO COCO CREME 20X10X20.5G,2024-02,597
WAFELLO COCO CREME 20X10X20.5G,2024-03,1190
WAFELLO COCO CREME 20X10X20.5G,2024-04,762
WAFELLO COCO CREME 20X10X20.5G,2024-05,1294
WAFELLO COCO CREME 20X10X20.5G,2024-06,1325
WAFELLO COCO CREME 20X10X20.5G,2024-07,733
WAFELLO COCO CREME 20X10X20.5G,2024-08,586
WAFELLO COCO CREME 20X10X20.5G,2024-09,1201
WAFELLO COCO CREME 20X10X20.5G,2024-10,433
WAFELLO COCO CREME 20X10X20.5G,2024-11,1406
WAFELLO COCO CREME 20X10X20.5G,2024-12,575
WAFELLO COCO CREME 60X48G,2022-01,1120
WAFELLO COCO CREME 60X48G,2022-02,1053
WAFELLO COCO CREME 60X48G,2022-03,803
WAFELLO COCO CREME 60X48G,2022-04,885
WAFELLO COCO CREME 60X48G,2022-05,986
WAFELLO COCO CREME 60X48G,2022-06,654
WAFELLO COCO CREME 60X48G,2022-07,1075
WAFELLO COCO CREME 60X48G,2022-08,1342
WAFELLO COCO CREME 60X48G,2022-09,549
WAFELLO COCO CREME 60X48G,2022-10,970
WAFELLO COCO CREME 60X48G,2022-11,634
WAFELLO COCO CREME 60X48G,2022-12,1001
WAFELLO COCO CREME 60X48G,2023-01,1251
WAFELLO COCO CREME 60X48G,2023-02,1036
WAFELLO COCO CREME 60X48G,2023-03,854
WAFELLO COCO CREME 60X48G,2023-04,463
WAFELLO COCO CREME 60X48G,2023-05,602
WAFELLO COCO CREME 60X48G,2023-06,505
WAFELLO COCO CREME 60X48G,2023-07,1130
WAFELLO COCO CREME 60X48G,2023-08,1246
WAFELLO COCO CREME 60X48G,2023-09,1214
WAFELLO COCO CREME 60X48G,2023-10,620
WAFELLO COCO CREME 60X48G,2023-11,910
WAFELLO COCO CREME 60X48G,2023-12,1248
WAFELLO COCO CREME 60X48G,2024-01,641
WAFELLO COCO CREME 60X48G,2024-02,994
WAFELLO COCO CREME 60X48G,2024-03,721
WAFELLO COCO CREME 60X48G,2024-04,1086
WAFELLO COCO CREME 60X48G,2024-05,609
WAFELLO COCO CREME 60X48G,2024-06,1159
WAFELLO COCO CREME 60X48G,2024-07,1223
WAFELLO COCO CREME 60X48G,2024-08,512
WAFELLO COCO CREME 60X48G,2024-09,483
WAFELLO COCO CREME 60X48G,2024-10,1124
WAFELLO COCO CREME 60X48G,2024-11,1150
WAFELLO COCO CREME 60X48G,2024-12,1244
WAFELLO BUTTER CARAMEL 60X48G,2022-01,1143
WAFELLO BUTTER CARAMEL 60X48G,2022-02,1258
WAFELLO BUTTER CARAMEL 60X48G,2022-03,1172
WAFELLO BUTTER CARAMEL 60X48G,2022-04,644
WAFELLO BUTTER CARAMEL 60X48G,2022-05,1191
WAFELLO BUTTER CARAMEL 60X48G,2022-06,623
WAFELLO BUTTER CARAMEL 60X48G,2022-07,662
WAFELLO BUTTER CARAMEL 60X48G,2022-08,1200
WAFELLO BUTTER CARAMEL 60X48G,2022-09,996
WAFELLO BUTTER CARAMEL 60X48G,2022-10,500
WAFELLO BUTTER CARAMEL 60X48G,2022-11,754
WAFELLO BUTTER CARAMEL 60X48G,2022-12,923
WAFELLO BUTTER CARAMEL 60X48G,2023-01,990
WAFELLO BUTTER CARAMEL 60X48G,2023-02,481
WAFELLO BUTTER CARAMEL 60X48G,2023-03,487
WAFELLO BUTTER CARAMEL 60X48G,2023-04,932
WAFELLO BUTTER CARAMEL 60X48G,2023-05,443
WAFELLO BUTTER CARAMEL 60X48G,2023-06,1347
WAFELLO BUTTER CARAMEL 60X48G,2023-07,1251
WAFELLO BUTTER CARAMEL 60X48G,2023-08,890
WAFELLO BUTTER CARAMEL 60X48G,2023-09,510
WAFELLO BUTTER CARAMEL 60X48G,2023-10,764
WAFELLO BUTTER CARAMEL 60X48G,2023-11,1369
WAFELLO BUTTER CARAMEL 60X48G,2023-12,838
WAFELLO BUTTER CARAMEL 60X48G,2024-01,448
WAFELLO BUTTER CARAMEL 60X48G,2024-02,706
WAFELLO BUTTER CARAMEL 60X48G,2024-03,971
WAFELLO BUTTER CARAMEL 60X48G,2024-04,1196
WAFELLO BUTTER CARAMEL 60X48G,2024-05,1098
WAFELLO BUTTER CARAMEL 60X48G,2024-06,817
WAFELLO BUTTER CARAMEL 60X48G,2024-07,965
WAFELLO BUTTER CARAMEL 60X48G,2024-08,1374
WAFELLO BUTTER CARAMEL 60X48G,2024-09,779
WAFELLO BUTTER CARAMEL 60X48G,2024-10,1094
WAFELLO BUTTER CARAMEL 60X48G,2024-11,1353
WAFELLO BUTTER CARAMEL 60X48G,2024-12,1367
WAFELLO BUTTER CARAMEL 20X10X20.5G,2022-01,865
WAFELLO BUTTER CARAMEL 20X10X20.5G,2022-02,1124
WAFELLO BUTTER CARAMEL 20X10X20.5G,2022-03,497
WAFELLO BUTTER CARAMEL 20X10X20.5G,2022-04,1034
WAFELLO BUTTER CARAMEL 20X10X20.5G,2022-05,1271
WAFELLO BUTTER CARAMEL 20X10X20.5G,2022-06,770
WAFELLO BUTTER CARAMEL 20X10X20.5G,2022-07,765
WAFELLO BUTTER CARAMEL 20X10X20.5G,2022-08,1146
WAFELLO BUTTER CARAMEL 20X10X20.5G,2022-09,456
WAFELLO BUTTER CARAMEL 20X10X20.5G,2022-10,607
WAFELLO BUTTER CARAMEL 20X10X20.5G,2022-11,1429
WAFELLO BUTTER CARAMEL 20X10X20.5G,2022-12,1346
WAFELLO BUTTER CARAMEL 20X10X20.5G,2023-01,963
WAFELLO BUTTER CARAMEL 20X10X20.5G,2023-02,899
WAFELLO BUTTER CARAMEL 20X10X20.5G,2023-03,1153
WAFELLO BUTTER CARAMEL 20X10X20.5G,2023-04,763
WAFELLO BUTTER CARAMEL 20X10X20.5G,2023-05,486
WAFELLO BUTTER CARAMEL 20X10X20.5G,2023-06,1275
WAFELLO BUTTER CARAMEL 20X10X20.5G,2023-07,729
WAFELLO BUTTER CARAMEL 20X10X20.5G,2023-08,1084
WAFELLO BUTTER CARAMEL 20X10X20.5G,2023-09,490
WAFELLO BUTTER CARAMEL 20X10X20.5G,2023-10,475
WAFELLO BUTTER CARAMEL 20X10X20.5G,2023-11,612
WAFELLO BUTTER CARAMEL 20X10X20.5G,2023-12,655
WAFELLO BUTTER CARAMEL 20X10X20.5G,2024-01,792
WAFELLO BUTTER CARAMEL 20X10X20.5G,2024-02,666
WAFELLO BUTTER CARAMEL 20X10X20.5G,2024-03,622
WAFELLO BUTTER CARAMEL 20X10X20.5G,2024-04,1313
WAFELLO BUTTER CARAMEL 20X10X20.5G,2024-05,508
WAFELLO BUTTER CARAMEL 20X10X20.5G,2024-06,1039
WAFELLO BUTTER CARAMEL 20X10X20.5G,2024-07,871
WAFELLO BUTTER CARAMEL 20X10X20.5G,2024-08,571
WAFELLO BUTTER CARAMEL 20X10X20.5G,2024-09,477
WAFELLO BUTTER CARAMEL 20X10X20.5G,2024-10,1074
WAFELLO BUTTER CARAMEL 20X10X20.5G,2024-11,950
WAFELLO BUTTER CARAMEL 20X10X20.5G,2024-12,765
WAFELLO CREAMY VANILLA 60X48G,2022-01,1100
WAFELLO CREAMY VANILLA 60X48G,2022-02,754
WAFELLO CREAMY VANILLA 60X48G,2022-03,976
WAFELLO CREAMY VANILLA 60X48G,2022-04,1035
WAFELLO CREAMY VANILLA 60X48G,2022-05,784
WAFELLO CREAMY VANILLA 60X48G,2022-06,946
WAFELLO CREAMY VANILLA 60X48G,2022-07,1083
WAFELLO CREAMY VANILLA 60X48G,2022-08,522
WAFELLO CREAMY VANILLA 60X48G,2022-09,426
WAFELLO CREAMY VANILLA 60X48G,2022-10,1037
WAFELLO CREAMY VANILLA 60X48G,2022-11,1129
WAFELLO CREAMY VANILLA 60X48G,2022-12,1515
WAFELLO CREAMY VANILLA 60X48G,2023-01,1121
WAFELLO CREAMY VANILLA 60X48G,2023-02,943
WAFELLO CREAMY VANILLA 60X48G,2023-03,825
WAFELLO CREAMY VANILLA 60X48G,2023-04,772
WAFELLO CREAMY VANILLA 60X48G,2023-05,906
WAFELLO CREAMY VANILLA 60X48G,2023-06,1170
WAFELLO CREAMY VANILLA 60X48G,2023-07,817
WAFELLO CREAMY VANILLA 60X48G,2023-08,857
WAFELLO CREAMY VANILLA 60X48G,2023-09,1221
WAFELLO CREAMY VANILLA 60X48G,2023-10,1184
WAFELLO CREAMY VANILLA 60X48G,2023-11,572
WAFELLO CREAMY VANILLA 60X48G,2023-12,1378
WAFELLO CREAMY VANILLA 60X48G,2024-01,669
WAFELLO CREAMY VANILLA 60X48G,2024-02,672
WAFELLO CREAMY VANILLA 60X48G,2024-03,924
WAFELLO CREAMY VANILLA 60X48G,2024-04,719
WAFELLO CREAMY VANILLA 60X48G,2024-05,645
WAFELLO CREAMY VANILLA 60X48G,2024-06,1371
WAFELLO CREAMY VANILLA 60X48G,2024-07,635
WAFELLO CREAMY VANILLA 60X48G,2024-08,462
WAFELLO CREAMY VANILLA 60X48G,2024-09,1129
WAFELLO CREAMY VANILLA 60X48G,2024-10,1169
WAFELLO CREAMY VANILLA 60X48G,2024-11,1275
WAFELLO CREAMY VANILLA 60X48G,2024-12,925
WAFELLO CREAMY VANILLA 20X10G,2022-01,1213
WAFELLO CREAMY VANILLA 20X10G,2022-02,543
WAFELLO CREAMY VANILLA 20X10G,2022-03,475
WAFELLO CREAMY VANILLA 20X10G,2022-04,1134
WAFELLO CREAMY VANILLA 20X10G,2022-05,639
WAFELLO CREAMY VANILLA 20X10G,2022-06,885
WAFELLO CREAMY VANILLA 20X10G,2022-07,601
WAFELLO CREAMY VANILLA 20X10G,2022-08,1054
WAFELLO CREAMY VANILLA 20X10G,2022-09,916
WAFELLO CREAMY VANILLA 20X10G,2022-10,565
WAFELLO CREAMY VANILLA 20X10G,2022-11,1009
WAFELLO CREAMY VANILLA 20X10G,2022-12,832
WAFELLO CREAMY VANILLA 20X10G,2023-01,516
WAFELLO CREAMY VANILLA 20X10G,2023-02,917
WAFELLO CREAMY VANILLA 20X10G,2023-03,1166
WAFELLO CREAMY VANILLA 20X10G,2023-04,1041
WAFELLO CREAMY VANILLA 20X10G,2023-05,705
WAFELLO CREAMY VANILLA 20X10G,2023-06,880
WAFELLO CREAMY VANILLA 20X10G,2023-07,542
WAFELLO CREAMY VANILLA 20X10G,2023-08,1198
WAFELLO CREAMY VANILLA 20X10G,2023-09,1089
WAFELLO CREAMY VANILLA 20X10G,2023-10,936
WAFELLO CREAMY VANILLA 20X10G,2023-11,1078
WAFELLO CREAMY VANILLA 20X10G,2023-12,530
WAFELLO CREAMY VANILLA 20X10G,2024-01,1086
WAFELLO CREAMY VANILLA 20X10G,2024-02,925
WAFELLO CREAMY VANILLA 20X10G,2024-03,1149
WAFELLO CREAMY VANILLA 20X10G,2024-04,665
WAFELLO CREAMY VANILLA 20X10G,2024-05,645
WAFELLO CREAMY VANILLA 20X10G,2024-06,577
WAFELLO CREAMY VANILLA 20X10G,2024-07,1350
WAFELLO CREAMY VANILLA 20X10G,2024-08,1304
WAFELLO CREAMY VANILLA 20X10G,2024-09,494
WAFELLO CREAMY VANILLA 20X10G,2024-10,1213
WAFELLO CREAMY VANILLA 20X10G,2024-11,834
WAFELLO CREAMY VANILLA 20X10G,2024-12,1284
SUPERSTAR 12X10X16G,2022-01,475
SUPERSTAR 12X10X16G,2022-02,842
SUPERSTAR 12X10X16G,2022-03,1016
SUPERSTAR 12X10X16G,2022-04,881
SUPERSTAR 12X10X16G,2022-05,526
SUPERSTAR 12X10X16G,2022-06,715
SUPERSTAR 12X10X16G,2022-07,1214
SUPERSTAR 12X10X16G,2022-08,602
SUPERSTAR 12X10X16G,2022-09,538
SUPERSTAR 12X10X16G,2022-10,683
SUPERSTAR 12X10X16G,2022-11,1118
SUPERSTAR 12X10X16G,2022-12,1144
SUPERSTAR 12X10X16G,2023-01,947
SUPERSTAR 12X10X16G,2023-02,601
SUPERSTAR 12X10X16G,2023-03,863
SUPERSTAR 12X10X16G,2023-04,734
SUPERSTAR 12X10X16G,2023-05,850
SUPERSTAR 12X10X16G,2023-06,990
SUPERSTAR 12X10X16G,2023-07,846
SUPERSTAR 12X10X16G,2023-08,1068
SUPERSTAR 12X10X16G,2023-09,1240
SUPERSTAR 12X10X16G,2023-10,1035
SUPERSTAR 12X10X16G,2023-11,1333
SUPERSTAR 12X10X16G,2023-12,1285
SUPERSTAR 12X10X16G,2024-01,868
SUPERSTAR 12X10X16G,2024-02,1038
SUPERSTAR 12X10X16G,2024-03,1258
SUPERSTAR 12X10X16G,2024-04,1041
SUPERSTAR 12X10X16G,2024-05,634
SUPERSTAR 12X10X16G,2024-06,921
SUPERSTAR 12X10X16G,2024-07,1307
SUPERSTAR 12X10X16G,2024-08,1352
SUPERSTAR 12X10X16G,2024-09,528
SUPERSTAR 12X10X16G,2024-10,1034
SUPERSTAR 12X10X16G,2024-11,538
SUPERSTAR 12X10X16G,2024-12,962
MALKIST CAPPUCCINO 30X10X18G,2022-01,666
MALKIST CAPPUCCINO 30X10X18G,2022-02,661
MALKIST CAPPUCCINO 30X10X18G,2022-03,468
MALKIST CAPPUCCINO 30X10X18G,2022-04,869
MALKIST CAPPUCCINO 30X10X18G,2022-05,623
MALKIST CAPPUCCINO 30X10X18G,2022-06,469
MALKIST CAPPUCCINO 30X10X18G,2022-07,714
MALKIST CAPPUCCINO 30X10X18G,2022-08,410
MALKIST CAPPUCCINO 30X10X18G,2022-09,1050
MALKIST CAPPUCCINO 30X10X18G,2022-10,514
MALKIST CAPPUCCINO 30X10X18G,2022-11,914
MALKIST CAPPUCCINO 30X10X18G,2022-12,986
MALKIST CAPPUCCINO 30X10X18G,2023-01,459
MALKIST CAPPUCCINO 30X10X18G,2023-02,728
MALKIST CAPPUCCINO 30X10X18G,2023-03,917
MALKIST CAPPUCCINO 30X10X18G,2023-04,432
MALKIST CAPPUCCINO 30X10X18G,2023-05,467
MALKIST CAPPUCCINO 30X10X18G,2023-06,1000
MALKIST CAPPUCCINO 30X10X18G,2023-07,779
MALKIST CAPPUCCINO 30X10X18G,2023-08,891
MALKIST CAPPUCCINO 30X10X18G,2023-09,417
MALKIST CAPPUCCINO 30X10X18G,2023-10,858
MALKIST CAPPUCCINO 30X10X18G,2023-11,1182
MALKIST CAPPUCCINO 30X10X18G,2023-12,765
MALKIST CAPPUCCINO 30X10X18G,2024-01,505
MALKIST CAPPUCCINO 30X10X18G,2024-02,698
MALKIST CAPPUCCINO 30X10X18G,2024-03,581
MALKIST CAPPUCCINO 30X10X18G,2024-04,836
MALKIST CAPPUCCINO 30X10X18G,2024-05,1016
MALKIST CAPPUCCINO 30X10X18G,2024-06,716
MALKIST CAPPUCCINO 30X10X18G,2024-07,724
MALKIST CAPPUCCINO 30X10X18G,2024-08,845
MALKIST CAPPUCCINO 30X10X18G,2024-09,952
MALKIST CAPPUCCINO 30X10X18G,2024-10,430
MALKIST CAPPUCCINO 30X10X18G,2024-11,720
MALKIST CAPPUCCINO 30X10X18G,2024-12,1016
MALKIST CHOCOLATE 30X10X18G,2022-01,1026
MALKIST CHOCOLATE 30X10X18G,2022-02,602
MALKIST CHOCOLATE 30X10X18G,2022-03,378
MALKIST CHOCOLATE 30X10X18G,2022-04,389
MALKIST CHOCOLATE 30X10X18G,2022-05,788
MALKIST CHOCOLATE 30X10X18G,2022-06,626
MALKIST CHOCOLATE 30X10X18G,2022-07,671
MALKIST CHOCOLATE 30X10X18G,2022-08,934
MALKIST CHOCOLATE 30X10X18G,2022-09,806
MALKIST CHOCOLATE 30X10X18G,2022-10,780
MALKIST CHOCOLATE 30X10X18G,2022-11,1137
MALKIST CHOCOLATE 30X10X18G,2022-12,1298
MALKIST CHOCOLATE 30X10X18G,2023-01,981
MALKIST CHOCOLATE 30X10X18G,2023-02,417
MALKIST CHOCOLATE 30X10X18G,2023-03,646
MALKIST CHOCOLATE 30X10X18G,2023-04,1012
MALKIST CHOCOLATE 30X10X18G,2023-05,920
MALKIST CHOCOLATE 30X10X18G,2023-06,672
MALKIST CHOCOLATE 30X10X18G,2023-07,915
MALKIST CHOCOLATE 30X10X18G,2023-08,990
MALKIST CHOCOLATE 30X10X18G,2023-09,520
MALKIST CHOCOLATE 30X10X18G,2023-10,457
MALKIST CHOCOLATE 30X10X18G,2023-11,830
MALKIST CHOCOLATE 30X10X18G,2023-12,603
MALKIST CHOCOLATE 30X10X18G,2024-01,607
MALKIST CHOCOLATE 30X10X18G,2024-02,961
MALKIST CHOCOLATE 30X10X18G,2024-03,961
MALKIST CHOCOLATE 30X10X18G,2024-04,541
MALKIST CHOCOLATE 30X10X18G,2024-05,920
MALKIST CHOCOLATE 30X10X18G,2024-06,557
MALKIST CHOCOLATE 30X10X18G,2024-07,1125
MALKIST CHOCOLATE 30X10X18G,2024-08,458
MALKIST CHOCOLATE 30X10X18G,2024-09,686
MALKIST CHOCOLATE 30X10X18G,2024-10,552
MALKIST CHOCOLATE 30X10X18G,2024-11,675
MALKIST CHOCOLATE 30X10X18G,2024-12,1283
MALKIST BARBECUE 12X10X28G,2022-01,657
MALKIST BARBECUE 12X10X28G,2022-02,930
MALKIST BARBECUE 12X10X28G,2022-03,1003
MALKIST BARBECUE 12X10X28G,2022-04,862
MALKIST BARBECUE 12X10X28G,2022-05,820
MALKIST BARBECUE 12X10X28G,2022-06,1115
MALKIST BARBECUE 12X10X28G,2022-07,1101
MALKIST BARBECUE 12X10X28G,2022-08,675
MALKIST BARBECUE 12X10X28G,2022-09,647
MALKIST BARBECUE 12X10X28G,2022-10,784
MALKIST BARBECUE 12X10X28G,2022-11,468
MALKIST BARBECUE 12X10X28G,2022-12,1294
MALKIST BARBECUE 12X10X28G,2023-01,959
MALKIST BARBECUE 12X10X28G,2023-02,842
MALKIST BARBECUE 12X10X28G,2023-03,801
MALKIST BARBECUE 12X10X28G,2023-04,498
MALKIST BARBECUE 12X10X28G,2023-05,548
MALKIST BARBECUE 12X10X28G,2023-06,1093
MALKIST BARBECUE 12X10X28G,2023-07,1143
MALKIST BARBECUE 12X10X28G,2023-08,1068
MALKIST BARBECUE 12X10X28G,2023-09,940
MALKIST BARBECUE 12X10X28G,2023-10,534
MALKIST BARBECUE 12X10X28G,2023-11,1171
MALKIST BARBECUE 12X10X28G,2023-12,705
MALKIST BARBECUE 12X10X28G,2024-01,370
MALKIST BARBECUE 12X10X28G,2024-02,1031
MALKIST BARBECUE 12X10X28G,2024-03,661
MALKIST BARBECUE 12X10X28G,2024-04,1029
MALKIST BARBECUE 12X10X28G,2024-05,976
MALKIST BARBECUE 12X10X28G,2024-06,754
MALKIST BARBECUE 12X10X28G,2024-07,882
MALKIST BARBECUE 12X10X28G,2024-08,481
MALKIST BARBECUE 12X10X28G,2024-09,514
MALKIST BARBECUE 12X10X28G,2024-10,702
MALKIST BARBECUE 12X10X28G,2024-11,1078
MALKIST BARBECUE 12X10X28G,2024-12,1146
MALKIST SWEET GLAZED 12X10X28G,2022-01,645
MALKIST SWEET GLAZED 12X10X28G,2022-02,869
MALKIST SWEET GLAZED 12X10X28G,2022-03,845
MALKIST SWEET GLAZED 12X10X28G,2022-04,793
MALKIST SWEET GLAZED 12X10X28G,2022-05,870
MALKIST SWEET GLAZED 12X10X28G,2022-06,844
MALKIST SWEET GLAZED 12X10X28G,2022-07,802
MALKIST SWEET GLAZED 12X10X28G,2022-08,546
MALKIST SWEET GLAZED 12X10X28G,2022-09,388
MALKIST SWEET GLAZED 12X10X28G,2022-10,966
MALKIST SWEET GLAZED 12X10X28G,2022-11,600
MALKIST SWEET GLAZED 12X10X28G,2022-12,799
MALKIST SWEET GLAZED 12X10X28G,2023-01,402
MALKIST SWEET GLAZED 12X10X28G,2023-02,414
MALKIST SWEET GLAZED 12X10X28G,2023-03,773
MALKIST SWEET GLAZED 12X10X28G,2023-04,496
MALKIST SWEET GLAZED 12X10X28G,2023-05,629
MALKIST SWEET GLAZED 12X10X28G,2023-06,691
MALKIST SWEET GLAZED 12X10X28G,2023-07,928
MALKIST SWEET GLAZED 12X10X28G,2023-08,983
MALKIST SWEET GLAZED 12X10X28G,2023-09,715
MALKIST SWEET GLAZED 12X10X28G,2023-10,694
MALKIST SWEET GLAZED 12X10X28G,2023-11,843
MALKIST SWEET GLAZED 12X10X28G,2023-12,1255
MALKIST SWEET GLAZED 12X10X28G,2024-01,805
MALKIST SWEET GLAZED 12X10X28G,2024-02,656
MALKIST SWEET GLAZED 12X10X28G,2024-03,594
MALKIST SWEET GLAZED 12X10X28G,2024-04,984
MALKIST SWEET GLAZED 12X10X28G,2024-05,907
MALKIST SWEET GLAZED 12X10X28G,2024-06,471
MALKIST SWEET GLAZED 12X10X28G,2024-07,409
MALKIST SWEET GLAZED 12X10X28G,2024-08,424
MALKIST SWEET GLAZED 12X10X28G,2024-09,456
MALKIST SWEET GLAZED 12X10X28G,2024-10,647
MALKIST SWEET GLAZED 12X10X28G,2024-11,730
MALKIST SWEET GLAZED 12X10X28G,2024-12,795
WOW PASTA CARBONARA 12X5X88G,2022-01,930
WOW PASTA CARBONARA 12X5X88G,2022-02,621
WOW PASTA CARBONARA 12X5X88G,2022-03,764
WOW PASTA CARBONARA 12X5X88G,2022-04,773
WOW PASTA CARBONARA 12X5X88G,2022-05,577
WOW PASTA CARBONARA 12X5X88G,2022-06,466
WOW PASTA CARBONARA 12X5X88G,2022-07,817
WOW PASTA CARBONARA 12X5X88G,2022-08,428
WOW PASTA CARBONARA 12X5X88G,2022-09,888
WOW PASTA CARBONARA 12X5X88G,2022-10,640
WOW PASTA CARBONARA 12X5X88G,2022-11,859
WOW PASTA CARBONARA 12X5X88G,2022-12,513
WOW PASTA CARBONARA 12X5X88G,2023-01,388
WOW PASTA CARBONARA 12X5X88G,2023-02,621
WOW PASTA CARBONARA 12X5X88G,2023-03,591
WOW PASTA CARBONARA 12X5X88G,2023-04,547
WOW PASTA CARBONARA 12X5X88G,2023-05,597
WOW PASTA CARBONARA 12X5X88G,2023-06,886
WOW PASTA CARBONARA 12X5X88G,2023-07,739
WOW PASTA CARBONARA 12X5X88G,2023-08,610
WOW PASTA CARBONARA 12X5X88G,2023-09,530
WOW PASTA CARBONARA 12X5X88G,2023-10,488
WOW PASTA CARBONARA 12X5X88G,2023-11,645
WOW PASTA CARBONARA 12X5X88G,2023-12,781
WOW PASTA CARBONARA 12X5X88G,2024-01,744
WOW PASTA CARBONARA 12X5X88G,2024-02,846
WOW PASTA CARBONARA 12X5X88G,2024-03,318
WOW PASTA CARBONARA 12X5X88G,2024-04,480
WOW PASTA CARBONARA 12X5X88G,2024-05,609
WOW PASTA CARBONARA 12X5X88G,2024-06,1005
WOW PASTA CARBONARA 12X5X88G,2024-07,1021
WOW PASTA CARBONARA 12X5X88G,2024-08,554
WOW PASTA CARBONARA 12X5X88G,2024-09,317
WOW PASTA CARBONARA 12X5X88G,2024-10,332
WOW PASTA CARBONARA 12X5X88G,2024-11,975
WOW PASTA CARBONARA 12X5X88G,2024-12,396
WOW PASTA SPAGHETTI 12X5X86G,2022-01,479
WOW PASTA SPAGHETTI 12X5X86G,2022-02,859
WOW PASTA SPAGHETTI 12X5X86G,2022-03,505
WOW PASTA SPAGHETTI 12X5X86G,2022-04,735
WOW PASTA SPAGHETTI 12X5X86G,2022-05,678
WOW PASTA SPAGHETTI 12X5X86G,2022-06,738
WOW PASTA SPAGHETTI 12X5X86G,2022-07,497
WOW PASTA SPAGHETTI 12X5X86G,2022-08,916
WOW PASTA SPAGHETTI 12X5X86G,2022-09,519
WOW PASTA SPAGHETTI 12X5X86G,2022-10,443
WOW PASTA SPAGHETTI 12X5X86G,2022-11,940
WOW PASTA SPAGHETTI 12X5X86G,2022-12,438
WOW PASTA SPAGHETTI 12X5X86G,2023-01,466
WOW PASTA SPAGHETTI 12X5X86G,2023-02,933
WOW PASTA SPAGHETTI 12X5X86G,2023-03,572
WOW PASTA SPAGHETTI 12X5X86G,2023-04,764
WOW PASTA SPAGHETTI 12X5X86G,2023-05,946
WOW PASTA SPAGHETTI 12X5X86G,2023-06,374
WOW PASTA SPAGHETTI 12X5X86G,2023-07,572
WOW PASTA SPAGHETTI 12X5X86G,2023-08,586
WOW PASTA SPAGHETTI 12X5X86G,2023-09,393
WOW PASTA SPAGHETTI 12X5X86G,2023-10,481
WOW PASTA SPAGHETTI 12X5X86G,2023-11,1050
WOW PASTA SPAGHETTI 12X5X86G,2023-12,1132
WOW PASTA SPAGHETTI 12X5X86G,2024-01,334
WOW PASTA SPAGHETTI 12X5X86G,2024-02,464
WOW PASTA SPAGHETTI 12X5X86G,2024-03,332
WOW PASTA SPAGHETTI 12X5X86G,2024-04,539
WOW PASTA SPAGHETTI 12X5X86G,2024-05,904
WOW PASTA SPAGHETTI 12X5X86G,2024-06,1035
WOW PASTA SPAGHETTI 12X5X86G,2024-07,954
WOW PASTA SPAGHETTI 12X5X86G,2024-08,523
WOW PASTA SPAGHETTI 12X5X86G,2024-09,897
WOW PASTA SPAGHETTI 12X5X86G,2024-10,647
WOW PASTA SPAGHETTI 12X5X86G,2024-11,997
WOW PASTA SPAGHETTI 12X5X86G,2024-12,876
KOPIKO LUCKY DAY 24X180ML,2022-01,634
KOPIKO LUCKY DAY 24X180ML,2022-02,1829
KOPIKO LUCKY DAY 24X180ML,2022-03,1753
KOPIKO LUCKY DAY 24X180ML,2022-04,1741
KOPIKO LUCKY DAY 24X180ML,2022-05,874
KOPIKO LUCKY DAY 24X180ML,2022-06,707
KOPIKO LUCKY DAY 24X180ML,2022-07,1302
KOPIKO LUCKY DAY 24X180ML,2022-08,873
KOPIKO LUCKY DAY 24X180ML,2022-09,1596
KOPIKO LUCKY DAY 24X180ML,2022-10,1044
KOPIKO LUCKY DAY 24X180ML,2022-11,1846
KOPIKO LUCKY DAY 24X180ML,2022-12,2555
KOPIKO LUCKY DAY 24X180ML,2023-01,1138
KOPIKO LUCKY DAY 24X180ML,2023-02,1207
KOPIKO LUCKY DAY 24X180ML,2023-03,810
KOPIKO LUCKY DAY 24X180ML,2023-04,1003
KOPIKO LUCKY DAY 24X180ML,2023-05,1711
KOPIKO LUCKY DAY 24X180ML,2023-06,905
KOPIKO LUCKY DAY 24X180ML,2023-07,798
KOPIKO LUCKY DAY 24X180ML,2023-08,926
KOPIKO LUCKY DAY 24X180ML,2023-09,2070
KOPIKO LUCKY DAY 24X180ML,2023-10,1119
KOPIKO LUCKY DAY 24X180ML,2023-11,1326
KOPIKO LUCKY DAY 24X180ML,2023-12,951
KOPIKO LUCKY DAY 24X180ML,2024-01,806
KOPIKO LUCKY DAY 24X180ML,2024-02,1460
KOPIKO LUCKY DAY 24X180ML,2024-03,674
KOPIKO LUCKY DAY 24X180ML,2024-04,1611
KOPIKO LUCKY DAY 24X180ML,2024-05,2102
KOPIKO LUCKY DAY 24X180ML,2024-06,1029
KOPIKO LUCKY DAY 24X180ML,2024-07,2137
KOPIKO LUCKY DAY 24X180ML,2024-08,1474
KOPIKO LUCKY DAY 24X180ML,2024-09,1517
KOPIKO LUCKY DAY 24X180ML,2024-10,1139
KOPIKO LUCKY DAY 24X180ML,2024-11,1600
KOPIKO LUCKY DAY 24X180ML,2024-12,895
PUCUK HARUM 24BTLX350ML,2022-01,2269
PUCUK HARUM 24BTLX350ML,2022-02,1620
PUCUK HARUM 24BTLX350ML,2022-03,2174
PUCUK HARUM 24BTLX350ML,2022-04,1200
PUCUK HARUM 24BTLX350ML,2022-05,2004
PUCUK HARUM 24BTLX350ML,2022-06,1035
PUCUK HARUM 24BTLX350ML,2022-07,2567
PUCUK HARUM 24BTLX350ML,2022-08,2517
PUCUK HARUM 24BTLX350ML,2022-09,995
PUCUK HARUM 24BTLX350ML,2022-10,2475
PUCUK HARUM 24BTLX350ML,2022-11,2602
PUCUK HARUM 24BTLX350ML,2022-12,2109
PUCUK HARUM 24BTLX350ML,2023-01,1587
PUCUK HARUM 24BTLX350ML,2023-02,2209
PUCUK HARUM 24BTLX350ML,2023-03,1475
PUCUK HARUM 24BTLX350ML,2023-04,2307
PUCUK HARUM 24BTLX350ML,2023-05,1810
PUCUK HARUM 24BTLX350ML,2023-06,2304
PUCUK HARUM 24BTLX350ML,2023-07,2287
PUCUK HARUM 24BTLX350ML,2023-08,2811
PUCUK HARUM 24BTLX350ML,2023-09,906
PUCUK HARUM 24BTLX350ML,2023-10,1206
PUCUK HARUM 24BTLX350ML,2023-11,1809
PUCUK HARUM 24BTLX350ML,2023-12,1232
PUCUK HARUM 24BTLX350ML,2024-01,1019
PUCUK HARUM 24BTLX350ML,2024-02,1126
PUCUK HARUM 24BTLX350ML,2024-03,1615
PUCUK HARUM 24BTLX350ML,2024-04,2186
PUCUK HARUM 24BTLX350ML,2024-05,2035
PUCUK HARUM 24BTLX350ML,2024-06,2795
PUCUK HARUM 24BTLX350ML,2024-07,2411
PUCUK HARUM 24BTLX350ML,2024-08,1611
PUCUK HARUM 24BTLX350ML,2024-09,935
PUCUK HARUM 24BTLX350ML,2024-10,2043
PUCUK HARUM 24BTLX350ML,2024-11,2472
PUCUK HARUM 24BTLX350ML,2024-12,3095
LE MINERALE 24X330ML,2022-01,1025
LE MINERALE 24X330ML,2022-02,2452
LE MINERALE 24X330ML,2022-03,1215
LE MINERALE 24X330ML,2022-04,1327
LE MINERALE 24X330ML,2022-05,2721
LE MINERALE 24X330ML,2022-06,2457
LE MINERALE 24X330ML,2022-07,2783
LE MINERALE 24X330ML,2022-08,2685
LE MINERALE 24X330ML,2022-09,1147
LE MINERALE 24X330ML,2022-10,1128
LE MINERALE 24X330ML,2022-11,2414
LE MINERALE 24X330ML,2022-12,2051
LE MINERALE 24X330ML,2023-01,2458
LE MINERALE 24X330ML,2023-02,2039
LE MINERALE 24X330ML,2023-03,2620
LE MINERALE 24X330ML,2023-04,2381
LE MINERALE 24X330ML,2023-05,2482
LE MINERALE 24X330ML,2023-06,1647
LE MINERALE 24X330ML,2023-07,1403
LE MINERALE 24X330ML,2023-08,2704
LE MINERALE 24X330ML,2023-09,1115
LE MINERALE 24X330ML,2023-10,2378
LE MINERALE 24X330ML,2023-11,981
LE MINERALE 24X330ML,2023-12,1566
LE MINERALE 24X330ML,2024-01,2272
LE MINERALE 24X330ML,2024-02,2063
LE MINERALE 24X330ML,2024-03,1739
LE MINERALE 24X330ML,2024-04,1079
LE MINERALE 24X330ML,2024-05,1750
LE MINERALE 24X330ML,2024-06,1439
LE MINERALE 24X330ML,2024-07,2865
LE MINERALE 24X330ML,2024-08,1710
LE MINERALE 24X330ML,2024-09,2086
LE MINERALE 24X330ML,2024-10,2473
LE MINERALE 24X330ML,2024-11,1664
LE MINERALE 24X330ML,2024-12,1123
LE MINERALE 24X600ML,2022-01,1313
LE MINERALE 24X600ML,2022-02,1056
LE MINERALE 24X600ML,2022-03,1684
LE MINERALE 24X600ML,2022-04,2307
LE MINERALE 24X600ML,2022-05,1118
LE MINERALE 24X600ML,2022-06,1864
LE MINERALE 24X600ML,2022-07,2305
LE MINERALE 24X600ML,2022-08,2121
LE MINERALE 24X600ML,2022-09,2073
LE MINERALE 24X600ML,2022-10,1145
LE MINERALE 24X600ML,2022-11,2509
LE MINERALE 24X600ML,2022-12,2663
LE MINERALE 24X600ML,2023-01,1949
LE MINERALE 24X600ML,2023-02,1489
LE MINERALE 24X600ML,2023-03,2530
LE MINERALE 24X600ML,2023-04,1239
LE MINERALE 24X600ML,2023-05,1786
LE MINERALE 24X600ML,2023-06,1436
LE MINERALE 24X600ML,2023-07,1666
LE MINERALE 24X600ML,2023-08,2626
LE MINERALE 24X600ML,2023-09,2103
LE MINERALE 24X600ML,2023-10,876
LE MINERALE 24X600ML,2023-11,1212
LE MINERALE 24X600ML,2023-12,1899
LE MINERALE 24X600ML,2024-01,914
LE MINERALE 24X600ML,2024-02,998
LE MINERALE 24X600ML,2024-03,2377
LE MINERALE 24X600ML,2024-04,1718
LE MINERALE 24X600ML,2024-05,1897
LE MINERALE 24X600ML,2024-06,1544
LE MINERALE 24X600ML,2024-07,1517
LE MINERALE 24X600ML,2024-08,2112
LE MINERALE 24X600ML,2024-09,2224
LE MINERALE 24X600ML,2024-10,1428
LE MINERALE 24X600ML,2024-11,1860
LE MINERALE 24X600ML,2024-12,2553
LE MINERALE 12X1500ML,2022-01,1063
LE MINERALE 12X1500ML,2022-02,1875
LE MINERALE 12X1500ML,2022-03,1462
LE MINERALE 12X1500ML,2022-04,1093
LE MINERALE 12X1500ML,2022-05,1497
LE MINERALE 12X1500ML,2022-06,2298
LE MINERALE 12X1500ML,2022-07,2155
LE MINERALE 12X1500ML,2022-08,2525
LE MINERALE 12X1500ML,2022-09,1766
LE MINERALE 12X1500ML,2022-10,2216
LE MINERALE 12X1500ML,2022-11,1670
LE MINERALE 12X1500ML,2022-12,1530
LE MINERALE 12X1500ML,2023-01,922
LE MINERALE 12X1500ML,2023-02,2483
LE MINERALE 12X1500ML,2023-03,1172
LE MINERALE 12X1500ML,2023-04,1141
LE MINERALE 12X1500ML,2023-05,1461
LE MINERALE 12X1500ML,2023-06,1711
LE MINERALE 12X1500ML,2023-07,2858
LE MINERALE 12X1500ML,2023-08,1591
LE MINERALE 12X1500ML,2023-09,2552
LE MINERALE 12X1500ML,2023-10,2597
LE MINERALE 12X1500ML,2023-11,1822
LE MINERALE 12X1500ML,2023-12,2654
LE MINERALE 12X1500ML,2024-01,2494
LE MINERALE 12X1500ML,2024-02,2197
LE MINERALE 12X1500ML,2024-03,1888
LE MINERALE 12X1500ML,2024-04,1510
LE MINERALE 12X1500ML,2024-05,1665
LE MINERALE 12X1500ML,2024-06,1581
LE MINERALE 12X1500ML,2024-07,1876
LE MINERALE 12X1500ML,2024-08,1857
LE MINERALE 12X1500ML,2024-09,1176
LE MINERALE 12X1500ML,2024-10,1057
LE MINERALE 12X1500ML,2024-11,1452
LE MINERALE 12X1500ML,2024-12,1050
LE MINERALE 4X5000ML,2022-01,1390
LE MINERALE 4X5000ML,2022-02,1849
LE MINERALE 4X5000ML,2022-03,2114
LE MINERALE 4X5000ML,2022-04,2729
LE MINERALE 4X5000ML,2022-05,2255
LE MINERALE 4X5000ML,2022-06,1489
LE MINERALE 4X5000ML,2022-07,1544
LE MINERALE 4X5000ML,2022-08,2084
LE MINERALE 4X5000ML,2022-09,887
LE MINERALE 4X5000ML,2022-10,2493
LE MINERALE 4X5000ML,2022-11,2076
LE MINERALE 4X5000ML,2022-12,2979
LE MINERALE 4X5000ML,2023-01,1267
LE MINERALE 4X5000ML,2023-02,1923
LE MINERALE 4X5000ML,2023-03,2610
LE MINERALE 4X5000ML,2023-04,2021
LE MINERALE 4X5000ML,2023-05,948
LE MINERALE 4X5000ML,2023-06,1022
LE MINERALE 4X5000ML,2023-07,2442
LE MINERALE 4X5000ML,2023-08,1347
LE MINERALE 4X5000ML,2023-09,2249
LE MINERALE 4X5000ML,2023-10,926
LE MINERALE 4X5000ML,2023-11,1076
LE MINERALE 4X5000ML,2023-12,2139
LE MINERALE 4X5000ML,2024-01,1694
LE MINERALE 4X5000ML,2024-02,1046
LE MINERALE 4X5000ML,2024-03,981
LE MINERALE 4X5000ML,2024-04,1427
LE MINERALE 4X5000ML,2024-05,2567
LE MINERALE 4X5000ML,2024-06,1071
LE MINERALE 4X5000ML,2024-07,2609
LE MINERALE 4X5000ML,2024-08,968
LE MINERALE 4X5000ML,2024-09,1470
LE MINERALE 4X5000ML,2024-10,1647
LE MINERALE 4X5000ML,2024-11,1428
LE MINERALE 4X5000ML,2024-12,2735
Chocolate 30*40g,2022-01,985
Chocolate 30*40g,2022-02,1623
Chocolate 30*40g,2022-03,663
Chocolate 30*40g,2022-04,1984
Chocolate 30*40g,2022-05,1969
Chocolate 30*40g,2022-06,1474
Chocolate 30*40g,2022-07,899
Chocolate 30*40g,2022-08,1485
Chocolate 30*40g,2022-09,966
Chocolate 30*40g,2022-10,768
Chocolate 30*40g,2022-11,1640
Chocolate 30*40g,2022-12,1701
Chocolate 30*40g,2023-01,707
Chocolate 30*40g,2023-02,867
Chocolate 30*40g,2023-03,1904
Chocolate 30*40g,2023-04,1872
Chocolate 30*40g,2023-05,1513
Chocolate 30*40g,2023-06,983
Chocolate 30*40g,2023-07,1008
Chocolate 30*40g,2023-08,2218
Chocolate 30*40g,2023-09,2001
Chocolate 30*40g,2023-10,1475
Chocolate 30*40g,2023-11,1095
Chocolate 30*40g,2023-12,1170
Chocolate 30*40g,2024-01,1945
Chocolate 30*40g,2024-02,883
Chocolate 30*40g,2024-03,875
Chocolate 30*40g,2024-04,1708
Chocolate 30*40g,2024-05,1768
Chocolate 30*40g,2024-06,1205
Chocolate 30*40g,2024-07,704
Chocolate 30*40g,2024-08,734
Chocolate 30*40g,2024-09,959
Chocolate 30*40g,2024-10,1300
Chocolate 30*40g,2024-11,918
Chocolate 30*40g,2024-12,2433
Vanilla 30*40g,2022-01,1051
Vanilla 30*40g,2022-02,1902
Vanilla 30*40g,2022-03,811
Vanilla 30*40g,2022-04,1009
Vanilla 30*40g,2022-05,677
Vanilla 30*40g,2022-06,1025
Vanilla 30*40g,2022-07,1380
Vanilla 30*40g,2022-08,1346
Vanilla 30*40g,2022-09,1296
Vanilla 30*40g,2022-10,1066
Vanilla 30*40g,2022-11,973
Vanilla 30*40g,2022-12,1417
Vanilla 30*40g,2023-01,1021
Vanilla 30*40g,2023-02,760
Vanilla 30*40g,2023-03,1516
Vanilla 30*40g,2023-04,911
Vanilla 30*40g,2023-05,690
Vanilla 30*40g,2023-06,1340
Vanilla 30*40g,2023-07,871
Vanilla 30*40g,2023-08,810
Vanilla 30*40g,2023-09,1600
Vanilla 30*40g,2023-10,1556
Vanilla 30*40g,2023-11,1485
Vanilla 30*40g,2023-12,2546
Vanilla 30*40g,2024-01,1059
Vanilla 30*40g,2024-02,1596
Vanilla 30*40g,2024-03,1456
Vanilla 30*40g,2024-04,1915
Vanilla 30*40g,2024-05,965
Vanilla 30*40g,2024-06,962
Vanilla 30*40g,2024-07,2280
Vanilla 30*40g,2024-08,848
Vanilla 30*40g,2024-09,1055
Vanilla 30*40g,2024-10,1755
Vanilla 30*40g,2024-11,1537
Vanilla 30*40g,2024-12,1184
Champion (Choco) 30*40g,2022-01,2050
Champion (Choco) 30*40g,2022-02,950
Champion (Choco) 30*40g,2022-03,1369
Champion (Choco) 30*40g,2022-04,1101
Champion (Choco) 30*40g,2022-05,2062
Champion (Choco) 30*40g,2022-06,2133
Champion (Choco) 30*40g,2022-07,1130
Champion (Choco) 30*40g,2022-08,1590
Champion (Choco) 30*40g,2022-09,1693
Champion (Choco) 30*40g,2022-10,2092
Champion (Choco) 30*40g,2022-11,1372
Champion (Choco) 30*40g,2022-12,917
Champion (Choco) 30*40g,2023-01,837
Champion (Choco) 30*40g,2023-02,1863
Champion (Choco) 30*40g,2023-03,988
Champion (Choco) 30*40g,2023-04,1810
Champion (Choco) 30*40g,2023-05,1641
Champion (Choco) 30*40g,2023-06,2148
Champion (Choco) 30*40g,2023-07,1414
Champion (Choco) 30*40g,2023-08,778
Champion (Choco) 30*40g,2023-09,652
Champion (Choco) 30*40g,2023-10,1875
Champion (Choco) 30*40g,2023-11,1789
Champion (Choco) 30*40g,2023-12,880
Champion (Choco) 30*40g,2024-01,1086
Champion (Choco) 30*40g,2024-02,1801
Champion (Choco) 30*40g,2024-03,1968
Champion (Choco) 30*40g,2024-04,1973
Champion (Choco) 30*40g,2024-05,2092
Champion (Choco) 30*40g,2024-06,2088
Champion (Choco) 30*40g,2024-07,1781
Champion (Choco) 30*40g,2024-08,2002
Champion (Choco) 30*40g,2024-09,1025
Champion (Choco) 30*40g,2024-10,1125
Champion (Choco) 30*40g,2024-11,1506
Champion (Choco) 30*40g,2024-12,1677
Pandesal Mate 30*40g,2022-01,889
Pandesal Mate 30*40g,2022-02,2034
Pandesal Mate 30*40g,2022-03,1542
Pandesal Mate 30*40g,2022-04,1391
Pandesal Mate 30*40g,2022-05,1465
Pandesal Mate 30*40g,2022-06,1882
Pandesal Mate 30*40g,2022-07,788
Pandesal Mate 30*40g,2022-08,2172
Pandesal Mate 30*40g,2022-09,1539
Pandesal Mate 30*40g,2022-10,1793
Pandesal Mate 30*40g,2022-11,1472
Pandesal Mate 30*40g,2022-12,1274
Pandesal Mate 30*40g,2023-01,646
Pandesal Mate 30*40g,2023-02,1531
Pandesal Mate 30*40g,2023-03,1109
Pandesal Mate 30*40g,2023-04,2040
Pandesal Mate 30*40g,2023-05,1069
Pandesal Mate 30*40g,2023-06,1457
Pandesal Mate 30*40g,2023-07,915
Pandesal Mate 30*40g,2023-08,1010
Pandesal Mate 30*40g,2023-09,1444
Pandesal Mate 30*40g,2023-10,1122
Pandesal Mate 30*40g,2023-11,876
Pandesal Mate 30*40g,2023-12,2518
Pandesal Mate 30*40g,2024-01,1378
Pandesal Mate 30*40g,2024-02,788
Pandesal Mate 30*40g,2024-03,1097
Pandesal Mate 30*40g,2024-04,1652
Pandesal Mate 30*40g,2024-05,2159
Pandesal Mate 30*40g,2024-06,1941
Pandesal Mate 30*40g,2024-07,1167
Pandesal Mate 30*40g,2024-08,1545
Pandesal Mate 30*40g,2024-09,1636
Pandesal Mate 30*40g,2024-10,954
Pandesal Mate 30*40g,2024-11,1866
Pandesal Mate 30*40g,2024-12,1618
Black 3 in 1 10*25g,2022-01,863
Black 3 in 1 10*25g,2022-02,661
Black 3 in 1 10*25g,2022-03,1457
Black 3 in 1 10*25g,2022-04,1713
Black 3 in 1 10*25g,2022-05,2047
Black 3 in 1 10*25g,2022-06,1175
Black 3 in 1 10*25g,2022-07,1465
Black 3 in 1 10*25g,2022-08,1235
Black 3 in 1 10*25g,2022-09,1019
Black 3 in 1 10*25g,2022-10,1366
Black 3 in 1 10*25g,2022-11,1713
Black 3 in 1 10*25g,2022-12,2219
Black 3 in 1 10*25g,2023-01,1741
Black 3 in 1 10*25g,2023-02,1613
Black 3 in 1 10*25g,2023-03,1632
Black 3 in 1 10*25g,2023-04,1481
Black 3 in 1 10*25g,2023-05,1204
Black 3 in 1 10*25g,2023-06,2059
Black 3 in 1 10*25g,2023-07,1202
Black 3 in 1 10*25g,2023-08,1488
Black 3 in 1 10*25g,2023-09,859
Black 3 in 1 10*25g,2023-10,1119
Black 3 in 1 10*25g,2023-11,1622
Black 3 in 1 10*25g,2023-12,978
Black 3 in 1 10*25g,2024-01,1482
Black 3 in 1 10*25g,2024-02,1988
Black 3 in 1 10*25g,2024-03,1258
Black 3 in 1 10*25g,2024-04,1144
Black 3 in 1 10*25g,2024-05,1794
Black 3 in 1 10*25g,2024-06,1386
Black 3 in 1 10*25g,2024-07,783
Black 3 in 1 10*25g,2024-08,1121
Black 3 in 1 10*25g,2024-09,816
Black 3 in 1 10*25g,2024-10,1569
Black 3 in 1 10*25g,2024-11,2366
Black 3 in 1 10*25g,2024-12,1027
Brown Coffee 3 in 1 10*27.5g,2022-01,1566
Brown Coffee 3 in 1 10*27.5g,2022-02,1030
Brown Coffee 3 in 1 10*27.5g,2022-03,1150
Brown Coffee 3 in 1 10*27.5g,2022-04,1411
Brown Coffee 3 in 1 10*27.5g,2022-05,1252
Brown Coffee 3 in 1 10*27.5g,2022-06,2235
Brown Coffee 3 in 1 10*27.5g,2022-07,1627
Brown Coffee 3 in 1 10*27.5g,2022-08,2102
Brown Coffee 3 in 1 10*27.5g,2022-09,2083
Brown Coffee 3 in 1 10*27.5g,2022-10,1124
Brown Coffee 3 in 1 10*27.5g,2022-11,1208
Brown Coffee 3 in 1 10*27.5g,2022-12,1431
Brown Coffee 3 in 1 10*27.5g,2023-01,1755
Brown Coffee 3 in 1 10*27.5g,2023-02,1873
Brown Coffee 3 in 1 10*27.5g,2023-03,1818
Brown Coffee 3 in 1 10*27.5g,2023-04,1684
Brown Coffee 3 in 1 10*27.5g,2023-05,1530
Brown Coffee 3 in 1 10*27.5g,2023-06,1687
Brown Coffee 3 in 1 10*27.5g,2023-07,698
Brown Coffee 3 in 1 10*27.5g,2023-08,962
Brown Coffee 3 in 1 10*27.5g,2023-09,641
Brown Coffee 3 in 1 10*27.5g,2023-10,1834
Brown Coffee 3 in 1 10*27.5g,2023-11,1300
Brown Coffee 3 in 1 10*27.5g,2023-12,1755
Brown Coffee 3 in 1 10*27.5g,2024-01,1757
Brown Coffee 3 in 1 10*27.5g,2024-02,1687
Brown Coffee 3 in 1 10*27.5g,2024-03,1545
Brown Coffee 3 in 1 10*27.5g,2024-04,1272
Brown Coffee 3 in 1 10*27.5g,2024-05,2148
Brown Coffee 3 in 1 10*27.5g,2024-06,1124
Brown Coffee 3 in 1 10*27.5g,2024-07,1047
Brown Coffee 3 in 1 10*27.5g,2024-08,1064
Brown Coffee 3 in 1 10*27.5g,2024-09,1483
Brown Coffee 3 in 1 10*27.5g,2024-10,1587
Brown Coffee 3 in 1 10*27.5g,2024-11,1412
Brown Coffee 3 in 1 10*27.5g,2024-12,2139
Blanca Creamy Coffee 10*30g,2022-01,637
Blanca Creamy Coffee 10*30g,2022-02,1167
Blanca Creamy Coffee 10*30g,2022-03,1969
Blanca Creamy Coffee 10*30g,2022-04,1205
Blanca Creamy Coffee 10*30g,2022-05,685
Blanca Creamy Coffee 10*30g,2022-06,1650
Blanca Creamy Coffee 10*30g,2022-07,732
Blanca Creamy Coffee 10*30g,2022-08,833
Blanca Creamy Coffee 10*30g,2022-09,1840
Blanca Creamy Coffee 10*30g,2022-10,1620
Blanca Creamy Coffee 10*30g,2022-11,2055
Blanca Creamy Coffee 10*30g,2022-12,2147
Blanca Creamy Coffee 10*30g,2023-01,1756
Blanca Creamy Coffee 10*30g,2023-02,1512
Blanca Creamy Coffee 10*30g,2023-03,1536
Blanca Creamy Coffee 10*30g,2023-04,745
Blanca Creamy Coffee 10*30g,2023-05,913
Blanca Creamy Coffee 10*30g,2023-06,944
Blanca Creamy Coffee 10*30g,2023-07,1929
Blanca Creamy Coffee 10*30g,2023-08,1087
Blanca Creamy Coffee 10*30g,2023-09,648
Blanca Creamy Coffee 10*30g,2023-10,1472
Blanca Creamy Coffee 10*30g,2023-11,1598
Blanca Creamy Coffee 10*30g,2023-12,808
Blanca Creamy Coffee 10*30g,2024-01,1090
Blanca Creamy Coffee 10*30g,2024-02,1148
Blanca Creamy Coffee 10*30g,2024-03,1606
Blanca Creamy Coffee 10*30g,2024-04,881
Blanca Creamy Coffee 10*30g,2024-05,1518
Blanca Creamy Coffee 10*30g,2024-06,932
Blanca Creamy Coffee 10*30g,2024-07,2096
Blanca Creamy Coffee 10*30g,2024-08,1311
Blanca Creamy Coffee 10*30g,2024-09,1557
Blanca Creamy Coffee 10*30g,2024-10,1798
Blanca Creamy Coffee 10*30g,2024-11,1622
Blanca Creamy Coffee 10*30g,2024-12,1076
Black 2 in 1 10*25g,2022-01,903
Black 2 in 1 10*25g,2022-02,1463
Black 2 in 1 10*25g,2022-03,1487
Black 2 in 1 10*25g,2022-04,1587
Black 2 in 1 10*25g,2022-05,2014
Black 2 in 1 10*25g,2022-06,1950
Black 2 in 1 10*25g,2022-07,1011
Black 2 in 1 10*25g,2022-08,1600
Black 2 in 1 10*25g,2022-09,1042
Black 2 in 1 10*25g,2022-10,1369
Black 2 in 1 10*25g,2022-11,1771
Black 2 in 1 10*25g,2022-12,2429
Black 2 in 1 10*25g,2023-01,1807
Black 2 in 1 10*25g,2023-02,1677
Black 2 in 1 10*25g,2023-03,856
Black 2 in 1 10*25g,2023-04,1584
Black 2 in 1 10*25g,2023-05,1382
Black 2 in 1 10*25g,2023-06,940
Black 2 in 1 10*25g,2023-07,2056
Black 2 in 1 10*25g,2023-08,1655
Black 2 in 1 10*25g,2023-09,1703
Black 2 in 1 10*25g,2023-10,1654
Black 2 in 1 10*25g,2023-11,1434
Black 2 in 1 10*25g,2023-12,1963
Black 2 in 1 10*25g,2024-01,962
Black 2 in 1 10*25g,2024-02,1123
Black 2 in 1 10*25g,2024-03,975
Black 2 in 1 10*25g,2024-04,1953
Black 2 in 1 10*25g,2024-05,1480
Black 2 in 1 10*25g,2024-06,2232
Black 2 in 1 10*25g,2024-07,1984
Black 2 in 1 10*25g,2024-08,1696
Black 2 in 1 10*25g,2024-09,1591
Black 2 in 1 10*25g,2024-10,1213
Black 2 in 1 10*25g,2024-11,1390
Black 2 in 1 10*25g,2024-12,2428
Brown 2 in 1 10*27.5g,2022-01,1837
Brown 2 in 1 10*27.5g,2022-02,1778
Brown 2 in 1 10*27.5g,2022-03,725
Brown 2 in 1 10*27.5g,2022-04,1907
Brown 2 in 1 10*27.5g,2022-05,1663
Brown 2 in 1 10*27.5g,2022-06,963
Brown 2 in 1 10*27.5g,2022-07,988
Brown 2 in 1 10*27.5g,2022-08,723
Brown 2 in 1 10*27.5g,2022-09,969
Brown 2 in 1 10*27.5g,2022-10,2024
Brown 2 in 1 10*27.5g,2022-11,1234
Brown 2 in 1 10*27.5g,2022-12,1853
Brown 2 in 1 10*27.5g,2023-01,992
Brown 2 in 1 10*27.5g,2023-02,1286
Brown 2 in 1 10*27.5g,2023-03,1158
Brown 2 in 1 10*27.5g,2023-04,1149
Brown 2 in 1 10*27.5g,2023-05,1571
Brown 2 in 1 10*27.5g,2023-06,2021
Brown 2 in 1 10*27.5g,2023-07,1519
Brown 2 in 1 10*27.5g,2023-08,1192
Brown 2 in 1 10*27.5g,2023-09,1783
Brown 2 in 1 10*27.5g,2023-10,1456
Brown 2 in 1 10*27.5g,2023-11,1218
Brown 2 in 1 10*27.5g,2023-12,1957
Brown 2 in 1 10*27.5g,2024-01,1701
Brown 2 in 1 10*27.5g,2024-02,1046
Brown 2 in 1 10*27.5g,2024-03,758
Brown 2 in 1 10*27.5g,2024-04,2042
Brown 2 in 1 10*27.5g,2024-05,1384
Brown 2 in 1 10*27.5g,2024-06,1330
Brown 2 in 1 10*27.5g,2024-07,1647
Brown 2 in 1 10*27.5g,2024-08,1315
Brown 2 in 1 10*27.5g,2024-09,1421
Brown 2 in 1 10*27.5g,2024-10,1368
Brown 2 in 1 10*27.5g,2024-11,1056
Brown 2 in 1 10*27.5g,2024-12,795
Blanca 2 in 1 10*30g,2022-01,1218
Blanca 2 in 1 10*30g,2022-02,1346
Blanca 2 in 1 10*30g,2022-03,935
Blanca 2 in 1 10*30g,2022-04,796
Blanca 2 in 1 10*30g,2022-05,1610
Blanca 2 in 1 10*30g,2022-06,756
Blanca 2 in 1 10*30g,2022-07,803
Blanca 2 in 1 10*30g,2022-08,2182
Blanca 2 in 1 10*30g,2022-09,1870
Blanca 2 in 1 10*30g,2022-10,1817
Blanca 2 in 1 10*30g,2022-11,2257
Blanca 2 in 1 10*30g,2022-12,1159
Blanca 2 in 1 10*30g,2023-01,1172
Blanca 2 in 1 10*30g,2023-02,1817
Blanca 2 in 1 10*30g,2023-03,1508
Blanca 2 in 1 10*30g,2023-04,1537
Blanca 2 in 1 10*30g,2023-05,2178
Blanca 2 in 1 10*30g,2023-06,807
Blanca 2 in 1 10*30g,2023-07,1345
Blanca 2 in 1 10*30g,2023-08,1077
Blanca 2 in 1 10*30g,2023-09,1071
Blanca 2 in 1 10*30g,2023-10,1300
Blanca 2 in 1 10*30g,2023-11,1840
Blanca 2 in 1 10*30g,2023-12,1453
Blanca 2 in 1 10*30g,2024-01,1966
Blanca 2 in 1 10*30g,2024-02,1646
Blanca 2 in 1 10*30g,2024-03,749
Blanca 2 in 1 10*30g,2024-04,1794
Blanca 2 in 1 10*30g,2024-05,2121
Blanca 2 in 1 10*30g,2024-06,1139
Blanca 2 in 1 10*30g,2024-07,2121
Blanca 2 in 1 10*30g,2024-08,1463
Blanca 2 in 1 10*30g,2024-09,1361
Blanca 2 in 1 10*30g,2024-10,1279
Blanca 2 in 1 10*30g,2024-11,1015
Blanca 2 in 1 10*30g,2024-12,2069
Danisa Traditional Butter Cookies 12*454g Tin,2022-01,403
Danisa Traditional Butter Cookies 12*454g Tin,2022-02,400
Danisa Traditional Butter Cookies 12*454g Tin,2022-03,414
Danisa Traditional Butter Cookies 12*454g Tin,2022-04,272
Danisa Traditional Butter Cookies 12*454g Tin,2022-05,300
Danisa Traditional Butter Cookies 12*454g Tin,2022-06,380
Danisa Traditional Butter Cookies 12*454g Tin,2022-07,300
Danisa Traditional Butter Cookies 12*454g Tin,2022-08,348
Danisa Traditional Butter Cookies 12*454g Tin,2022-09,326
Danisa Traditional Butter Cookies 12*454g Tin,2022-10,268
Danisa Traditional Butter Cookies 12*454g Tin,2022-11,244
Danisa Traditional Butter Cookies 12*454g Tin,2022-12,405
Danisa Traditional Butter Cookies 12*454g Tin,2023-01,152
Danisa Traditional Butter Cookies 12*454g Tin,2023-02,299
Danisa Traditional Butter Cookies 12*454g Tin,2023-03,111
Danisa Traditional Butter Cookies 12*454g Tin,2023-04,332
Danisa Traditional Butter Cookies 12*454g Tin,2023-05,294
Danisa Traditional Butter Cookies 12*454g Tin,2023-06,173
Danisa Traditional Butter Cookies 12*454g Tin,2023-07,379
Danisa Traditional Butter Cookies 12*454g Tin,2023-08,434
Danisa Traditional Butter Cookies 12*454g Tin,2023-09,217
Danisa Traditional Butter Cookies 12*454g Tin,2023-10,142
Danisa Traditional Butter Cookies 12*454g Tin,2023-11,402
Danisa Traditional Butter Cookies 12*454g Tin,2023-12,300
Danisa Traditional Butter Cookies 12*454g Tin,2024-01,221
Danisa Traditional Butter Cookies 12*454g Tin,2024-02,116
Danisa Traditional Butter Cookies 12*454g Tin,2024-03,380
Danisa Traditional Butter Cookies 12*454g Tin,2024-04,249
Danisa Traditional Butter Cookies 12*454g Tin,2024-05,286
Danisa Traditional Butter Cookies 12*454g Tin,2024-06,175
Danisa Traditional Butter Cookies 12*454g Tin,2024-07,272
Danisa Traditional Butter Cookies 12*454g Tin,2024-08,362
Danisa Traditional Butter Cookies 12*454g Tin,2024-09,291
Danisa Traditional Butter Cookies 12*454g Tin,2024-10,282
Danisa Traditional Butter Cookies 12*454g Tin,2024-11,478
Danisa Traditional Butter Cookies 12*454g Tin,2024-12,455
Danisa Premium Butter Cookies 8*162g Box,2022-01,135
Danisa Premium Butter Cookies 8*162g Box,2022-02,315
Danisa Premium Butter Cookies 8*162g Box,2022-03,263
Danisa Premium Butter Cookies 8*162g Box,2022-04,178
Danisa Premium Butter Cookies 8*162g Box,2022-05,414
Danisa Premium Butter Cookies 8*162g Box,2022-06,239
Danisa Premium Butter Cookies 8*162g Box,2022-07,216
Danisa Premium Butter Cookies 8*162g Box,2022-08,209
Danisa Premium Butter Cookies 8*162g Box,2022-09,360
Danisa Premium Butter Cookies 8*162g Box,2022-10,210
Danisa Premium Butter Cookies 8*162g Box,2022-11,198
Danisa Premium Butter Cookies 8*162g Box,2022-12,287
Danisa Premium Butter Cookies 8*162g Box,2023-01,303
Danisa Premium Butter Cookies 8*162g Box,2023-02,258
Danisa Premium Butter Cookies 8*162g Box,2023-03,264
Danisa Premium Butter Cookies 8*162g Box,2023-04,250
Danisa Premium Butter Cookies 8*162g Box,2023-05,224
Danisa Premium Butter Cookies 8*162g Box,2023-06,215
Danisa Premium Butter Cookies 8*162g Box,2023-07,404
Danisa Premium Butter Cookies 8*162g Box,2023-08,422
Danisa Premium Butter Cookies 8*162g Box,2023-09,285
Danisa Premium Butter Cookies 8*162g Box,2023-10,340
Danisa Premium Butter Cookies 8*162g Box,2023-11,163
Danisa Premium Butter Cookies 8*162g Box,2023-12,487
Danisa Premium Butter Cookies 8*162g Box,2024-01,162
Danisa Premium Butter Cookies 8*162g Box,2024-02,254
Danisa Premium Butter Cookies 8*162g Box,2024-03,263
Danisa Premium Butter Cookies 8*162g Box,2024-04,375
Danisa Premium Butter Cookies 8*162g Box,2024-05,139
Danisa Premium Butter Cookies 8*162g Box,2024-06,400
Danisa Premium Butter Cookies 8*162g Box,2024-07,364
Danisa Premium Butter Cookies 8*162g Box,2024-08,300
Danisa Premium Butter Cookies 8*162g Box,2024-09,303
Danisa Premium Butter Cookies 8*162g Box,2024-10,189
Danisa Premium Butter Cookies 8*162g Box,2024-11,380
Danisa Premium Butter Cookies 8*162g Box,2024-12,288
